Workbook

Sheet Sheet1
A1: Subject Area 2022-23 | B1: Teacher | C1: A | D1: B | E1: C | F1: D | G1: E | H1: A | I1: B | J1: C | K1: D | L1: E
A2: Math (5.0) | B2: Gadsby 219 | C2: Preps | D2: ENTR2S-01 | E2: MATR1F-E1 9-01+9-04 | F2: ESMR2S-02 | G2: ESMR3S-02 | H2: Preps | I2: ESMR2S-04 | J2: MATR1F-E1 9-01+9-04 | K2: SCIR1F-04 | L2: BCOR3S-01
A3: SSC (2.0) | B3: Church 210 | C3: SSC | D3: Preps | E3: SSC | F3: SSC* | G3: SSC | H3: SSC | I3: Preps | J3: SSC | K3: SSC* | L3: SSC
B4: Buller 210 | C4: SSC | D4: Preps | E4: SSC | F4: SSC | G4: SSC | H4: SSC | I4: Preps | J4: SSC | K4: SSC | L4: SSC
B5: Ward 212 | C5: PCMR3S-01 | D5: ESMR2S-01 | E5: Preps | F5: MATX1F-E2 9-02, 03,05 | G5: MATR1F-AI | H5: ESMR 3S-03 | I5: IAPR2S-02 | J5: ADMR4S-01 CALR4S-01 | K5: Preps | L5: MATR1F-E2 902,03,05
B6: Pisa 216 | C6: ESMR3S-01 | D6: IAPR2S-01 | E6: ESMR4S-01 | F6: MATX1F-P2 9-02,03,05 | G6: Preps | H6: PCMR 3S-02 | I6: ESMR3S-04 | J6: ESMR2S-03 | K6: Preps | L6: MATR1F-P2 902,03,05
B7: Zurzolo 106 | C7: PCMR 4S-01 1st Semester | D7: Preps | E7: MATR1F-P1 9-01+9-04 | F7: PHYR3S-01 | G7: COSR2S-01 | H7: PHYR4S-01 | I7: ESMR4S-03* | J7: MATR1F-P1 9-01+9-04 | K7: Preps | L7: COSR3,4S-02
B8: McLarty 220 (Zeif) | C8: ESMR 4S-02 | D8: APMR3S-01 | E8: ESMR2-4S R1 | F8: MATX1F- P3 9-02,03,05 | G8: Preps | H8: ESMR2-4S R2 | I8: PCMR4S-01 2nd Semester | J8: APMR4S-01 | K8: Preps | L8: MATR1F P3 9-02,03,05
A9: Science -3.0 | B9: Samuels 112 | C9: SCIR2F-02 | D9: BIOR3S-01 | E9: BIOR4S-01 | F9: Preps | G9: SCIR1F-05 | H9: Preps | I9: BIOR3S-02 | J9: BIOR4S-02 | K9: SCIR1F-03 | L9: SCIR1F-01
B10: Nguyen 118 | C10: CHER4S-01 | D10: SCIR2F-01 | E10: CHER3S-01* | F10: SCIE 2F-01* | G10: Preps* | H10: Preps | I10: SCIR2F-03 | J10: CHER3S-02 | K10: CHER4S-02 | L10: SCIR2F-04
B11: Desautels 228/118 | C11: ICTAF -01/ DPHR3S-01 WDHR3S-01 | D11: Comp 7 & 8 | E11: LWER1S-05 | F11: Preps/Web site | G11: DFHR2S-01 DPHR2S-01 | H11: ICTA1F-02 DPHR3S-02 WDHR3S-02 | I11: Comp 7 & 8 | J11: Preps/Website | K11: SCIR1F-02 | L11: DFHR2S-02 DPHR2S-02
A12: ELA/SS – 7.0 | B12: Robbie 229 | C12: Preps | D12: ENGC4S-01 | E12: ENGC3S-02 | F12: ENGR1F-01 | G12: ENGR1X-03 | H12: ENGC 3S-03 | I12: ENGC4S-03 | J12: ENGR1F-03 | K12: ENGR1F-01 | L12: Preps
B13: Costa 217 | C13: Preps | D13: HISR3F-01 | E13: ENGR2F-01 | F13: GEOR2F- 02 | G13: GLIR 4S-01 | H13: HISR3F-03 | I13: ENGR 2F-03 | J13: ENGC3S-04 | K13: ABSR4S-01 | L13: Preps
B14: Parisien 227 | C14: ENGC3S-01 | D14: ENGC4S-02 | E14: ENGR1F-02 | F14: Preps | G14: ENGR1F-04 | H14: ENGC4S-04 | I14: CMHR 4S-01 | J14: ENGR1F-02 | K14: Preps | L14: ENGR1F-04
B15: Willow 221 | C15: ENGR2F-02 | D15: LWER 1S-04 | E15: RITR 2-4G-01 | F15: DAMR 2S, 3S,4S-01 | G15: Preps | H15: Preps | I15: LWER 1S-02 | J15: ENGR 2F- 04 | K15: DTHR 2S,3S,4S-01 | L15: ENGT4S-01
B16: Grunewald 215 | C16: HISR 3F-02 | D16: ENGR1F-05 | E16: ENG1F-AI | F16: Preps | G16: SOSR1F-02 | H16: LAWR 4S-01 | I16: ENGR1F-05 | J16: HISR 3F-04 | K16: SOSR1F-05 | L16: Preps
B17: Winger 135 | C17: TTBR4S-01 RTBR3S-01 CRPR2S-01 | D17: GEOR2F-01 | E17: PSYR4S-01 | F17: Preps | G17: CATT2-4S zz | H17: TTBR4S-02 RTBR3S-02 CRPR2S-02 | I17: GEOR2F-04 | J17: PSYR4S-02 | K17: Preps | L17: CATT 2-4S zz
B18: Carvalho 222 | C18: Preps | D18: LWER1S-03 | E18: SOSR1F-03 | F18: SOSR1F-04 | G18: SOSR1F-01 | H18: LWPR2S-01 LWBR3S-01 | I18: LWER1S-01 | J18: GEOR 2F-03 | K18: Preps | L18: GEOR2F-05* (INSR 3S-01 CTSR 4S-01)
A19: LAL -1 | B19: LAL 234 | E19: ENBU 1,2,3G EANU 4G | J19: ENBU 1,2,3G EANU 4G
A20: Subject Area | B20: Teacher | C20: A | D20: B | E20: C | F20: D | G20: E | H20: A | I20: B | J20: C | K20: D | L20: E
D21: INSR3S CTSR4S ???? | I21: INSR3S CTSR4S ????
A22: Phys Ed (4) | B22: Baker Sr. Gym & 223 | C22: PHER2F 01-02 | D22: PHER1G-01 | F22: PHER3F-03 | G22: PHER3F-03 | H22: PHER2F 03-04 | I22: PHER1G-03 | K22: PHER3F-03 | L22: PHER3F-04
B23: Stewart Sr. Gym &135 | C23: PHER 2F - | D23: PHER 1G-02 | F23: PHER4F-01 | G23: PHER3F-02 | H23: PHER2F- | I23: PHER1G-04 | K23: PHER3F--03 | L23: PHER3F-04
B24: Kubas* Sr. Gym & 223 | E24: Spec Ed PE PHER 1M- | J24: PHER1G-05
A25: The Arts –(2.5) | B25: Boyko* 159 | C25: VAHB1S-01/02 | D25: 7&8 Art | E25: VIAR2S-01 | F25: VIAR3S/4S-01 | G25: Preps | H25: VAHB1S-03/04 | I25: 7&8 Art | J25: VIAR3S/4S-02 | K25: VIAR2S-02 | L25: Preps
B26: Boville* 110 D-2,4,6 | C26: Noon hour Choir zz /MGUH 1S | D26: /MGUH 2-4S 01 MPIH 2-4S-01 .5 | E26: (/DMTR1S-4S-01) OUT (Noon Hour Choir | F26: (/MCCR2-4S-01) | G26: Preps + TM | H26: DAHB1S (4A) D1,4,6 | I26: MGUH 2-4S 02 (2A) MPIH2-4S-02 (2A) / | J26: MCCH 2-4S (2A)XXXXXXX | K26: /MCCR2-4S-01 | L26: Noon hour Choir zz
B27: Sawatzky* 155 | C27: MCBR1S-01/ Sr. Jazz Band zz | D27: 7 & 8 Band | E27: 7&8 Fl Band/ Int. Jazz Band zz | F27: Preps | G27: MCBR2-4S-01/ Jr. Jazz Band zz | H27: MCBR1S-01/ Sr. Jazz Band zz | I27: 7 & 8 Band | J27: 7&8 Fl. Band/ Int. Jazz Band zz | K27: Preps | L27: MCBR2-4S-01/ Jr. Jazz Band) zz
A28: IA/HE (5) | B28: Brugger* | C28: TDHR1S-01/ | D28: PRAY 7/ PRAY8 | E28: HOER2-4G-01* | F28: TADR2-4S-01 | G28: FSTR2-4S-01 | H28: TDHR1S-02/ | I28: PRAY 7/ PRAY8 | J28: /HOER2-4G01* | K28: TADR2-4S-02 | L28: FSTR2-4S-02
B29: Didych* | C29: ELHR1G-01/PMHR1G-01 | D29: PRAY 7/ PRAY8 | E29: Preps | F29: ELER2,3G,4S-01 | G29: POMR2,3G,4S -01 | H29: PMHR1G-02/03 | I29: PRAY 7/ PRAY8 | J29: Preps | K29: POMR 2,3G,4S-02 | L29: METR2,3G-4S -01
B30: Gomez* Changed FNUR 2G & 3G,4S | C30: FOHR1S-01/02 | D30: PRAY 7/ PRAY8 | E30: Preps | F30: FNUR2S-01 | G30: FNUR3G,4S-01 | H30: FOHR1S -03/04 | I30: PRAY 7/ PRAY8 | J30: Preps | K30: FNUR3G,4S-02 | L30: FNUR2S-02
B31: Ostrowski* | C31: WOHR1G-01/ELHR1G 02 | D31: PRAY 7/ PRAY8 | E31: Preps | F31: WOOR2G-01 | G31: WOOR3G,4S-01 | H31: WOHR1G-02/03 | I31: PRAY 7/ PRAY8 | J31: Preps/ | K31: WOOR 3G,4S-02 | L31: WOOR2G-02
B32: Reis* | C32: GRHR 1G-01/02 | D32: PRAY 7/ PRAY8 | E32: Preps | F32: GRAR3G,4S - 01 | G32: GRAR2G-01 | H32: GRHR1G-03/04 | I32: PRAY 7/ PRAY8 | J32: Preps/ | K32: GRAR2G-02 | L32: GRAR3G,4S-02
A33: Subject Area | B33: Teacher | C33: A | D33: B | E33: C | F33: D | G33: E | H33: A | I33: B | J33: C | K33: D | L33: E
A34: Computers | B34: Desautels Zurzolo | C34: ICTA1F-01 | D34: PRAY 7/ PRAY8 | E34: Preps | G34: COSR2S-01 | H34: ICTA1F-02 | I34: PRAY 7/ PRAY8 | L34: COSR3-4S-01
A35: Business | C35: TTBR4S-01 RTPR3S-01 CRPR2S-01 | D35: ENTR2S-01 | F35: CATT | H35: TTBR4S-02 RTPR3S-02 CRPR2S-02 | K35: CATT | L35: BCOR3S-01
A36: Gr. 7 ELA/SS – 4 | B36: ? | C36: Sinclair | D36: Jobin | E36: ?
A37: Gr.8 Math/Sci - 4 | B37: ? | C37: Sanburn | D37: Myskiw | E37: Orysiuk
A38: Flex - 2 | B38: Bailey | C38: Forslund
A39: Guid - 3 | B39: Davies Alford Schwab
A40: OC -1 | B40: Bruneau
A41: IERTs- 2 | B41: Wake Yuzark | J41: ESMR 2S 3S 4S 2/1 2/1 2/1 IAPR 2S 1/1 APMR 3S 4S 1/ /1 PCMR 3S 4S 1/1 1 ADMR/ 4S CALR /1 SCIE 2F 1/ SCIR 2F 2/2 BIOR 3S 4S 1/1 1/1 CHER 3S 4S 1/1 1/1 PHYR 3S 4S 1/ /1 INSR 3S/CTSR 4S /1 ENGR 2F 2*/2* ENGC 3S 4S 2/2 2/2 GEOR 2F 2/3 HISR 3S 2/2 CMHR 4S 1/
A42: LS 1 | B42: Hadaller
A43: SEC -2 | B43: Oliviera De Sousa
A44: Autism - 1 | B44: Flint
A45: LAC-2 | B45: Kiesman Nwaokike
A46: YJ -1 | B46: Tucovic*
A47: VP - .5 | B47: Donachuk
A48: Total: 53

Sheet Potential 1
C1: =SUM(C2:G2) -> 4 | H1: =SUM(H2:L2) -> 4
B2: counts | C2: =COUNTIF(C5:C48,"*"&$C$3&"*") -> 0 | D2: =COUNTIF(D5:D48,"*"&$C$3&"*") -> 1 | E2: =COUNTIF(E5:E48,"*"&$C$3&"*") -> 1 | F2: =COUNTIF(F5:F48,"*"&$C$3&"*") -> 1 | G2: =COUNTIF(G5:G48,"*"&$C$3&"*") -> 1 | H2: =COUNTIF(H5:H48,"*"&$C$3&"*") -> 0 | I2: =COUNTIF(I5:I48,"*"&$C$3&"*") -> 1 | J2: =COUNTIF(J5:J48,"*"&$C$3&"*") -> 1 | ... L2: =COUNTIF(L5:L48,"*"&$C$3&"*") -> 1
B3: Highlight | C3: 9d
A4: Subject Area 2b2-23 | B4: Teacher | C4: A | D4: B | E4: C | F4: D | G4: E | H4: A | I4: B | J4: C | K4: D | L4: E
A5: Math (5.0) | B5: Gadsby 219 | C5: Preps | D5: SCIR1F-9d | E5: ENTR2S-a | F5: ESMR2S-b | G5: ESMR3S-b | H5: Preps | I5: ESMR2S-d | J5: SCIR1F-9b | L5: BCOR3S-a
A6: SSC (2.0) | B6: Church 210 | C6: SSC | D6: Preps | E6: SSC | F6: SSC* | G6: SSC | H6: SSC | I6: Preps | J6: SSC | K6: SSC* | L6: SSC
B7: Buller 210 | C7: SSC | D7: Preps | E7: SSC | F7: SSC | G7: SSC | H7: SSC | I7: Preps | J7: SSC | K7: SSC | L7: SSC
B8: Ward 212 | C8: PCMR3S-a | D8: ESMR2S-a | E8: MATR1F-9a | F8: Preps | G8: MATR1F-9b | H8: ESMR 3S-c | I8: IAPR2S-b | J8: MATR1F-9a | K8: Preps | L8: MATR1F-9b
B9: Pisa 216 | C9: ESMR3S-a | D9: IAPR2S-a | E9: ESMR4S-a | F9: Preps | G9: MATR1F-9c | H9: PCMR 3S-b | I9: ESMR3S-d | J9: ESMR2S-c | K9: Preps | L9: MATR1F-9c
B10: Zurzolo 106 | C10: PCMR 4S-a first Semester | D10: Preps | E10: MATR1F-9e | F10: PHYR3S-a | G10: COSR2S-a | H10: PHYR4S-a | I10: ESMR4S-c* | J10: MATR1F-9e | K10: Preps | L10: COSR3,4S-b
B11: McLarty 220 (Zeif) | C11: ESMR 4S-b | D11: APMR3S-a | E11: ESMR2-4S Multi | F11: Preps | G11: MATR1F-9d | H11: ESMR2-4S R2 | I11: PCMR4S-a 2nd Semester | J11: APMR4S-a | K11: Preps | L11: MATR1F-9d | M11: ZZ--ADMR4S-a CALR4S-a
A12: Science -3.0 | B12: Samuels 112 | C12: SCIR2F-b | D12: BIOR3S-a | E12: BIOR4S-a | F12: SCIR1F-9c | G12: Preps | H12: WPR2S-a LWBR3S-a | I12: BIOR3S-b | J12: BIOR4S-b | K12: LWER1S-9c | L12: Preps
B13: Nguyen 118 | C13: CHER4S-a | D13: SCIR2F-a | E13: CHER3S-a* | F13: SCIE 2F-a* | G13: Preps | H13: Preps | I13: SCIR2F-c | J13: CHER3S-b | K13: CHER4S-b | L13: SCIR2F-d
B14: Desautels 228/118 | C14: ICTA1F -a/ DPHR3S-a WDHR3S-a | D14: Comp 7 & 8 | E14: LWER1S-9b | F14: Website/preps | G14: DFHR2S-a DPHR2S-a | H14: ICTA1F-b DPHR3S-b WDHR3S-b | I14: Comp 7 & 8 | J14: GEOR 2F-c | K14: Website/preps | L14: DFHR2S-b DPHR2S-b
B15: Sanburn | G15: SCIR1F-9a | L15: LWER1S-9a
B16: Myskiw | F16: MATR1F-9Aim | K16: SCIR1F - Repeat
A17: ELA/SS – 7.0 | B17: Costa 217 | C17: Preps | D17: ENGC4S-a | E17: ENGR2F-a | F17: GEOR2F- b | G17: GLIR 4S-a | H17: ENGC 3S-c | I17: ENGR 2F-c | J17: ENGC3S-d | K17: ABSR4S-a | L17: Preps
B18: Parisien 227 | C18: ENGC3S-a | D18: ENGC4S-b | E18: ENGR1F-9c | F18: Preps | G18: CMHR 4S-a | H18: ENGC4S-d | I18: ENGC4S-c | J18: ENGR1F-9c | K18: Preps | L18: ENGT4S-a
B19: Willow 221 | C19: ENGR2F-b | D19: ENGR1F-9Aim | E19: Preps | F19: 8 drama /MCCR2-3 -4S-a | G19: DAMR 2S, 3S,4S-a | H19: DTHR 2S,3S,4S-a | I19: MULTI - ELA 1,2,3,4 | J19: ENGR 2F- d | K19: 8 drama /MCCR2-3 -4S-a | L19: Preps
B20: Grunewald 215 | C20: HISR 3F-b | D20: Preps | E20: ENGC3S-b | F20: ENGR1F-9d | G20: ENGR1F-9e | H20: LAWR 4S-a | I20: SOSR1F-9b | J20: ENGR1F-9d | K20: Preps | L20: ENGR1F-9e
B21: Winger 135 | C21: TTBR4S-a RTBR3S-a CRPR2S-a | D21: HISR3F-a | E21: Preps | F21: PSYR4S-a | G21: CATT 2, 3, 4S zz | H21: TTBR4S-b RTBR3S-b CRPR2S-b | I21: GEOR2F-d | J21: PSYR4S-b | K21: Preps | L21: CATT 2, 3, 4S zz
B22: Carvalho 222 | C22: GEOR2F-a | D22: SOSR1F-9c | E22: SOSR1F-9d | F22: SCIR1F-9e | G22: Preps | H22: HISR3F-c | I22: SOSR1F-9a | J22: HISR 3F-d | K22: LWER1S-9d | L22: Preps
B23: Purdy | F23: ENGR1F-9b | K23: ENGR1F-9b
B24: Cousins | F24: ENGR1F-9a | K24: ENGR1F-9a
A25: Mendoza | B25: WORK ED
A26: Lockhart | B26: WORK ED
A27: Robbie | B27: WORK ED | D27: SOSR1F-9e | I27: LWER1S-9e
A28: LAL -1 | B28: LAL 234 | E28: ENBU 1,2,3G EANU 4G | J28: ENBU 1,2,3G EANU 4G
A29: Subject Area | B29: Teacher | C29: A | D29: B | E29: C | F29: D | G29: E | H29: A | I29: B | J29: C | K29: D | L29: E
D30: INSR3S CTSR4S ???? | I30: INSR3S CTSR4S ????
A31: Phys Ed (4) | B31: Baker Sr. Gym & 223 | C31: PHER2F a-b | D31: PHER1G-9a | E31: PHER3F-c | F31: Preps | G31: PHER4F-c | H31: PHER2F c-d | I31: PHER1G-9c | J31: Preps | K31: PHER1G-9e | L31: PHER3F-d
B32: Stewart Sr. Gym &135 | C32: PHER 2F - | D32: PHER 1G-9b | E32: Preps | F32: PHER4F-a | G32: PHER3F-b | H32: PHER2F- | I32: PHER1G-9d | J32: PHER4F--c | K32: Preps | L32: PHER4F-d
B33: Kubas* Sr. Gym & 223 | F33: Spec Ed PE PHER 1M- | K33: PHER3F-c
A34: The Arts –(2.5) | B34: Boyko* 159 | C34: VAHB1S-a/b | D34: 7 Art / preps | E34: VIAR2S-a | F34: 8 art / preps | G34: VIAR3S/4S-a | H34: VAHB1S-c/d | I34: 7 Art / preps | J34: VIAR3S/4S-b | K34: 8 art / preps | L34: VIAR2S-b
B35: Boville* 110 D-2,4,6 | C35: Noon hour Choir zz /MGUH 1S | D35: /MGUH 2-4S a MPIH 2-4S-a .5 | E35: (/DMTR1S-4S-a) OUT (Noon Hour Choir | F35: 7 band/ 8 choir | G35: Preps + TM | H35: DAHB1S (4A) D1,4,6 | I35: MGUH 2-4S b (2A) MPIH2-4S-b (2A) / | J35: MCCH 2-4S (2A)XXXXXXX | K35: 7 band/ 8 choir | L35: Noon hour Choir zz
B36: Sawatzky* 155 | C36: MCBR1S-a/ Sr. Jazz Band zz | D36: Int. Jazz Band zz | E36: Prepr | F36: 7&8 Fl Band | G36: MCBR2-4S-a/ Jr. Jazz Band zz | H36: MCBR1S-a/ Sr. Jazz Band zz | I36: Int. Jazz Band zz | J36: Prepr | K36: 7&8 Fl Band | L36: MCBR2-4S-a/ Jr. Jazz Band) zz
A37: IA/HE (5) | B37: Brugger* | C37: TDHR1S-a/ | D37: PRAY 7/ PRAY8 | E37: HOER2, 3, 4G-a* | F37: TADR2, 3,4S-a | G37: FSTR2-4S-a | H37: TDHR1S-b/ | I37: PRAY 7/ PRAY8 | J37: HOER2, 3, 4G-a* | K37: TADR2, 3,4S-b | L37: FSTR2, 3, 4S-b
B38: Didych* | C38: ELHR1G-a/PMHR1G-a | D38: PRAY 7/ PRAY8 | E38: Preps | F38: ELER2,3G,4S-a | G38: POMR2,3G,4S -a | H38: PMHR1G-b/c | I38: PRAY 7/ PRAY8 | J38: Preps | K38: POMR 2,3G,4S-b | L38: METR2,3G-4S -a
B39: Gomez* Changed FNUR 2G & 3G,4S | C39: FOHR1S-a/b | D39: PRAY 7/ PRAY8 | E39: Preps | F39: FNUR2S-a | G39: FNUR3G,4S-a | H39: FOHR1S -c/d | I39: PRAY 7/ PRAY8 | J39: Preps | K39: FNUR3G,4S-b | L39: FNUR2S-b
B40: Ostrowski* | C40: WOHR1G-a/ELHR1G b | D40: PRAY 7/ PRAY8 | E40: Preps | F40: WOOR2G-a | G40: WOOR3G,4S-a | H40: WOHR1G-b/c | I40: PRAY 7/ PRAY8 | J40: Preps/ | K40: WOOR 3G,4S-b | L40: WOOR2G-b
B41: Reis* | C41: GRHR 1G-a/b | D41: PRAY 7/ PRAY8 | E41: Preps | F41: GRAR3G,4S - a | G41: GRAR2G-a | H41: GRHR1G-c/d | I41: PRAY 7/ PRAY8 | J41: Preps/ | K41: GRAR2G-b | L41: GRAR3G,4S-b
A42: Subject Area | B42: Teacher | C42: A | D42: B | E42: C | F42: D | G42: E | H42: A | I42: B | J42: C | K42: D | L42: E
A43: Computers | B43: Desautels Zurzolo
A44: Business
A45: Gr. 7 ELA/SS – 4 | B45: ?
A46: Gr.8 Math/Sci - 4 | B46: ?
A47: Flex - 2 | B47: Bailey
A48: Guid - 3 | B48: Davies Alford Schwab
A49: OC -1 | B49: Bruneau
A50: IERTs- 2 | B50: Wake Yuzark
A51: LS 1 | B51: Hadaller
A52: SEC -2 | B52: Oliviera De Sousa
A53: Autism - 1 | B53: Flint
A54: LAC-2 | B54: Kiesman Nwaokike
A55: YJ -1 | B55: Tucovic*
A56: VP - .5 | B56: Donachuk
A57: Total: 53

Sheet Master
D1: =SUM(D2:G2) -> 81 | H1: =SUM(H2:K2) -> 82
A2: counts | D2: =COUNTIF(D6:D126,"*"&$B$3&"*") -> 18 | E2: =COUNTIF(E6:E120,"*"&$B$3&"*") -> 19 | F2: =COUNTIF(F6:F120,"*"&$B$3&"*") -> 26 | G2: =COUNTIF(G6:G120,"*"&$B$3&"*") -> 18 | H2: =COUNTIF(H6:H120,"*"&$B$3&"*") -> 17 | I2: =COUNTIF(I6:I120,"*"&$B$3&"*") -> 19 | J2: =COUNTIF(J6:J120,"*"&$B$3&"*") -> 28 | K2: =COUNTIF(K6:K120,"*"&$B$3&"*") -> 18
A3: Highlight | B3: _1
B4: prep | D4: SEM 1 | H4: SEM 2
A5: Subject Area | B5: Teacher | C5: TEAM | D5: A | E5: B | F5: C | G5: D | H5: A2 | I5: B3 | J5: C4 | K5: D5
B6: Alfaro, Carl | C6: PE, FI, ELA | D6: ENGR_2F(02) | E6: ENGR_2F(04) | F6: PHEF_1F(02)C1 PHEF_1F(01)C2 | G6: PREP | H6: PHEF_2F(02) | I6: ENGR_2F(R1) | J6: PHEF_1F(02)C1 PHEF_1F(01)C2 | K6: PREP
B7: Alford, Darren | C7: Guidance | D7: PREP | E7: PREP | F7: PREP | G7: PREP | H7: PREP | I7: PREP | J7: PREP | K7: PREP
B8: Alibudbud, Bernard | C8: DM | D8: DM094V_2S(97) | E8: DM095V_3S(97) | F8: DM100V_4S(01) MP212V_4S(01) | G8: PREP | H8: DM101V_4S(01) MP214V_4S(01) | I8: PREP | J8: DM100V_4S(97) | K8: DM101V_4S(97)
B9: Anastasiadis, Mr. Dimitrios | C9: Admin | D9: PREP | E9: PREP | F9: PREP | G9: PREP | H9: PREP | I9: PREP | J9: PREP | K9: PREP
B10: Anis, Alora | C10: FI, FI Math | D10: MAPF_3S(01) | E10: PREP | F10: falf_3S(01) | G10: PSYF_4S(01) | H10: falf_3S(02) | I10: PREP | J10: falf_3S(03) | K10: MAPF_4S(01)
B11: Athayde, Melanie | C11: V/P, Sci | D11: PREP | E11: SCIS_2F(01) | F11: PREP | G11: DANR_4S(01) | H11: PREP | I11: DANR_2S(02) | J11: PREP | K11: DANR_4S(02)
B12: Bara, Myriam | C12: ISS | D12: PREP | E12: PREP | F12: PREP | G12: PREP | H12: PREP | I12: PREP | J12: PREP | K12: PREP
B13: Barnych, Dale | C13: PE | D13: PHER_4F(02)A1 PREP | E13: PREP PHER_1F(05)B2 | F13: PHER_2F(05) | G13: PHER_1F(14)D1 PHER_4F(06)D2 | H13: PREP | I13: PHER_4F(08)B1 PHER_1F(05)B2 | J13: PHER_2F(11) | K13: PHER_1F(14)D1 PHER_4F(11)D2
B14: Bazilewich, Charles | C14: CB | D14: CS109V_4S(01) | E14: CS105V_3S(01) | F14: CS106V_3S(01) | G14: PREP | H14: CS108V_4S(01) | I14: CS106V_3S(02) | J14: CS111V_4S(01) | K14: PREP
B15: Beckett, Patrick | C15: FI 9 | D15: falf_4S(01) | E15: falf_4S(02) | F15: PREP | G15: Fraf_2F(01) | H15: Fraf_2F(03) | I15: falf_4S(03) | J15: Fraf_2F(04) | K15: PREP
B16: Bilewitch, Curtis | C16: 9 SS | D16: RITR_1S(05) | E16: RITR_1S(07) | F16: SOSR_1F(05)C1 PREP | G16: PREP SOSR_1F(07)D2 | H16: ENGR_1F(05) | I16: ENGR_1F(07) | J16: SOSR_1F(05)C1 PREP | K16: PREP SOSR_1F(07)D2
B17: Boyes, Carolyn | C17: V/P | D17: PREP | E17: PREP | F17: MCCR_1S(01)C1 PREP | G17: PREP | H17: PREP | I17: PREP | J17: MCCR_1S(01)C1 PREP | K17: PREP
... B94: Tao, Shelly | C94: IA | D94: FNUR_3S(01) | E94: FNUR_3S(02) | F94: FOHR_1S(01)C1 PREP | G94: FNUR_4S(01) | H94: FNUR_2S(03) | I94: FNUR_3S(03) | J94: FOHR_1S(02)C1 PREP | K94: FNUR_4S(02)
B95: TEACHER V, Awa | C95: FI | D95: SCIF_1F(02) | E95: SCIF_2F(02) | F95: Fraf_2F(02) | G95: PREP
B96: Teacher X, Threadkell (Bernadette) | C96: FI | D96: HISF_3F(01) | E96: HISF_3F(02) | F96: PREP | G96: SCHF_1F(03) | H96: PREP | I96: SCHF_1F(01) | J96: HISF_3F(03) | K96: SCHF_1F(02)
B97: Teacher Y, PEP | C97: PEP | D97: ENGW_4S(01)A1 ENGW_3S(01)A2 | E97: HISW_3S(01)B1 GLIW_4S(01)B2 | F97: ENGW_2F(01)C1 PREPC2 | G97: PEP-Option_3(01)D1 PHEW_3F(01)D2 | H97: ENGW_4S(01)A1 ENGW_3S(01)A2 | I97: HISW_3S(01)B1 GLIW_4S(01)B2 | J97: ENGW_2F(01)C1 PREPC2 | K97: PEP-Option_3(01)D1 PE Support D2
B98: Teacher Z, PEP | C98: PEP | D98: ESMW_3S(01)A1 ESMW_4S(01)A2 | E98: INSW_4S(01)B1 CTSW_3S(01)B2 | F98: PEP-Option_3(02)C1 ESMW_2S(01)C2 | G98: PREPD1 PHEW_4F(01)D2 | H98: ESMW_3S(01)A1 ESMW_4S(01)A2 | I98: INSW_4S(01)B1 CTSW_3S(01)B2 | J98: PEP-Option_3(02)C1 ESMW_2S(01)C2 | K98: PREPD1 PE Support D2
B99: Thwaites, Mike | C99: V/P | D99: LWPR_2S(WE)A1 SCIW_2F(01)A2 | E99: PEP-Option_2(01) | F99: PrepC1 LWBR_3S(01)C2 | G99: PHEW_2F(01)D1 GEOW_2S(01)D2 | H99: LWPR_2S(WE)A1 SCIW_2F(01)A2 | I99: PEP-Option_2(01) | J99: PrepC1 LWBR_3S(01)C2 | K99: LWTF_4S(01)D1 GEOW_2S(01)D2
B100: Trethart, Andrew | C100: Sci | D100: PREP | E100: INSR_4S(01) | F100: ECPR_4S(01) | G100: BIOR_3S(02) | H100: BIOR_3S(04) | I100: BIOR_3S(05) | J100: BIOR_3S(06) | K100: PREP
B101: Truderung, Benita | C101: Sci, AP | D101: PH1P_4S(01) | E101: PHYE_3S(01) | F101: PREP | G101: PHYR_3S(02) | H101: PREP | I101: PHYE_4S(01) | J101: PHYR_3S(04) | K101: PHYR_4S(04)
B102: Villa, Carlos | C102: FI 9 | D102: FILF_1F(03) | E102: ENGF_1F(02) | F102: PREP | G102: FILF_1F(01) | H102: FILF_1F(02) | I102: ENGF_1F(03) | J102: PREP | K102: ENGF_1F(01)
B103: Waller, Aurora | C103: IA | D103: FSTR_3S(01) | E103: FSTR_4S(02) | F103: FSTR_3S(02) | G103: PREP | H103: FSTR_3S(03) | I103: PREP | J103: FSTR_4S(03) | K103: FSTR_4S(04)
B104: Wesley, Michelle | C104: ISS | D104: ENGC_3M(04)A1 ENGC_4M(02) ENGR_2M(03) ESMR_2M(04)A2 ESMR_3M(03) ESMR_4M(02) MATR_1M(05) | E104: RESR01(05) | F104: LWPR_2M(01)C1 PREP | G104: PREP LWER_1M(02)D2 LWPR_2M(02) | H104: PREP | I104: PREP | J104: PREP | K104: PREP
B105: Witzke, Jonathan | C105: PE, 9 | D105: PHER_1F(04)A1 PHER_1F(06)A2 | E105: PHER_1F(08)B1 PHER_3F(02)B2 | F105: PREP | G105: PHER_1F(07)D1 PHER_1F(12)D2 | H105: PHER_1F(04)A1 PHER_1F(06)A2 | I105: PHER_1F(08)B1 PHER_3F(08)B2 | J105: PREP | K105: PHER_1F(07)D1 PHER_1F(12)D2
B106: Wright, Kelly | C106: PEP | D106: LWPR_2S(WE)A1 SCIW_2F(01)A2 | E106: PEP-Option_2(01) | F106: PrepC1 LWBR_3S(01)C2 | G106: PHEW_2F(01)D1 GEOW_2S(01)D2 | H106: LWPR_2S(WE)A1 SCIW_2F(01)A2 | I106: PEP-Option_2(01) | J106: PrepC1 LWBR_3S(01)C2 | K106: LWTF_4S(01)D1 GEOW_2S(01)D2
B107: Yosyk, Lisa | C107: Math | D107: IAPE_2S(01) | E107: PREP | F107: PCME_3S(01) | G107: IAPR_2S(04) | H107: PCME_3S(02) | I107: PREP | J107: IAPR_2S(07) | K107: IAPR_2S(08)
... B109: Zurbuchen, Stephanie | C109: ELA, Sci | D109: ENGL_4S(02) | E109: PREP | F109: ENGC_4S(04) | G109: ENGL_3S(06) | H109: ENGL_4S(05) | I109: ENGR_2F(09) | J109: PREP | K109: CHER_3S(06)
B110: ZZ PLACE HOLDER | C110: Place holder

Sheet Code
A1: =Table1[[#Headers],[Teacher]] -> Teacher | B1: _S1_A_ | C1: _S1_B_ | D1: _S1_C_ | E1: _S1_D_ | F1: _S2_A_ | G1: _S2_B_ | H1: _S2_C_ | I1: _S2_D_
A2: ="_"&SUBSTITUTE(IFERROR(LEFT(Master!B6, FIND(",", Master!B6) - 1),Master!B6)," ","") -> _Alfaro | B2: =SUBSTITUTE(SUBSTITUTE(SUBSTITUTE(SUBSTITUTE(SUBSTITUTE(IFERROR(SUBSTITUTE(Master!D6,CHAR(10)," "),Master!D6)," ",$A2&B$1&" ")&$A2&B$1," "&$A2&B$1&" "," ")," "&$A2&B$1&" "," ")," "&$A2&B$1&" "," ")," "&$A2&B$1&" "," ") -> ENGR_2F(02)_Alfaro_S1_A_ | C2: =SUBSTITUTE(SUBSTITUTE(SUBSTITUTE(SUBSTITUTE(SUBSTITUTE(IFERROR(SUBSTITUTE(Master!E6,CHAR(10)," "),Master!E6)," ",$A2&C$1&" ")&$A2&C$1," "&$A2&C$1&" "," ")," "&$A2&C$1&" "," ")," "&$A2&C$1&" "," ")," "&$A2&C$1&" "," ") -> ENGR_2F(04)_Alfaro_S1_B_ | D2: =SUBSTITUTE(SUBSTITUTE(SUBSTITUTE(SUBSTITUTE(SUBSTITUTE(IFERROR(SUBSTITUTE(Master!F6,CHAR(10)," "),Master!F6)," ",$A2&D$1&" ")&$A2&D$1," "&$A2&D$1&" "," ")," "&$A2&D$1&" "," ")," "&$A2&D$1&" "," ")," "&$A2&D$1&" "," ") -> PHEF_1F(02)C1_Alfaro_S1_C_ PHEF_1F(01)C2_Alfaro_S1_C_ | E2: =SUBSTITUTE(SUBSTITUTE(SUBSTITUTE(SUBSTITUTE(SUBSTITUTE(IFERROR(SUBSTITUTE(Master!G6,CHAR(10)," "),Master!G6)," ",$A2&E$1&" ")&$A2&E$1," "&$A2&E$1&" "," ")," "&$A2&E$1&" "," ")," "&$A2&E$1&" "," ")," "&$A2&E$1&" "," ") -> PREP_Alfaro_S1_D_ | F2: =SUBSTITUTE(SUBSTITUTE(SUBSTITUTE(SUBSTITUTE(SUBSTITUTE(IFERROR(SUBSTITUTE(Master!H6,CHAR(10)," "),Master!H6)," ",$A2&F$1&" ")&$A2&F$1," "&$A2&F$1&" "," ")," "&$A2&F$1&" "," ")," "&$A2&F$1&" "," ")," "&$A2&F$1&" "," ") -> PHEF_2F(02)_Alfaro_S2_A_ | G2: =SUBSTITUTE(SUBSTITUTE(SUBSTITUTE(SUBSTITUTE(SUBSTITUTE(IFERROR(SUBSTITUTE(Master!I6,CHAR(10)," "),Master!I6)," ",$A2&G$1&" ")&$A2&G$1," "&$A2&G$1&" "," ")," "&$A2&G$1&" "," ")," "&$A2&G$1&" "," ")," "&$A2&G$1&" "," ") -> ENGR_2F(R1)_Alfaro_S2_B_ | H2: =SUBSTITUTE(SUBSTITUTE(SUBSTITUTE(SUBSTITUTE(SUBSTITUTE(IFERROR(SUBSTITUTE(Master!J6,CHAR(10)," "),Master!J6)," ",$A2&H$1&" ")&$A2&H$1," "&$A2&H$1&" "," ")," "&$A2&H$1&" "," ")," "&$A2&H$1&" "," ")," "&$A2&H$1&" "," ") -> PHEF_1F(02)C1_Alfaro_S2_C_ PHEF_1F(01)C2_Alfaro_S2_C_ | I2: =SUBSTITUTE(SUBSTITUTE(SUBSTITUTE(SUBSTITUTE(SUBSTITUTE(IFERROR(SUBSTITUTE(Master!K6,CHAR(10)," "),Master!K6)," ",$A2&I$1&" ")&$A2&I$1," "&$A2&I$1&" "," ")," "&$A2&I$1&" "," ")," "&$A2&I$1&" "," ")," "&$A2&I$1&" "," ") -> PREP_Alfaro_S2_D_ | N2: =_xlfn.TEXTJOIN(" ", TRUE, B2:I2) -> ENGR_2F(02)_Alfaro_S1_A_ ENGR_2F(04)_Alfaro_S1_B_ PHEF_1F(02)C1_Alfaro_S1_C_ PHEF_1F(01)C2_Alfaro_S1_C_ PREP_Alfaro_S1_D_ PHEF_2F(02)_Alfaro_S2_A_ ENGR_2F(R1)_Alfaro_S2_B_ PHEF_1F(02)C1_Alfaro_S2_C_ PHEF_1F(01)C2_Alfaro_S2_C_ PREP_Alfaro_S2_D_ | O2: =A2 -> _Alfaro | P2: =P1&" "&N2 -> ENGR_2F(02)_Alfaro_S1_A_ ENGR_2F(04)_Alfaro_S1_B_ PHEF_1F(02)C1_Alfaro_S1_C_ PHEF_1F(01)C2_Alfaro_S1_C_ PREP_Alfaro_S1_D_ PHEF_2F(02)_Alfaro_S2_A_ ENGR_2F(R1)_Alfaro_S2_B_ PHEF_1F(02)C1_Alfaro_S2_C_ PHEF_1F(01)C2_Alfaro_S2_C_ PREP_Alfaro_S2_D_ | Q2: {=_xlfn.UNIQUE(P150)} -> ENGR_2F(02)_Alfaro_S1_A_ ENGR_2F(04)_Alfaro_S1_B_ PHEF_1F(02)C1_Alfaro_S1_C_ PHEF_1F(01)C2_Alfaro_S1_C_ PREP_Alfaro_S1_D_ PHEF_2F(02)_Alfaro_S2_A_ ENGR_2F(R1)_Alfaro_S2_B_ PHEF_1F(02)C1_Alfaro_S2_C_ PHEF_1F(01)C2_Alfaro_S2_C_ PREP_Alfaro_S2_D_ PREP_Alford_S1_A_ PREP_Alford_S1_B_ PREP_Alford_S1_C_ PREP_Alford_S1_D_ PREP_Alford_S2_A_ PREP_Alford_S2_B_ PREP_Alford_S2_C_ PREP_Alford_S2_D_ DM094V_2S(97)_Alibudbud_S1_A_ DM095V_3S(97)_Alibudbud_S1_B_ DM100V_4S(01)_Alibudbud_S1_C_ MP212V_4S(01)_Alibudbud_S1_C_ PREP_Alibudbud_S1_D_ DM101V_4S(01)_Alibudbud_S2_A_ MP214V_4S(01)_Alibudbud_S2_A_ PREP_Alibudbud_S2_B_ DM100V_4S(97)_Alibudbud_S2_C_ DM101V_4S(97)_Alibudbud_S2_D_ PREP_Anastasiadis_S1_A_ PREP_Anastasiadis_S1_B_ PREP_Anastasiadis_S1_C_ PREP_Anastasiadis_S1_D_ PREP_Anastasiadis_S2_A_ PREP_Anastasiadis_S2_B_ PREP_Anastasiadis_S2_C_ PREP_Anastasiadis_S2_D_ MAPF_3S(01)_Anis_S1_A_ PREP_Anis_S1_B_ falf_3S(01)_Anis_S1_C_ PSYF_4S(01)_Anis_S1_D_ falf_3S(02)_Anis_S2_A_ PREP_Anis_S2_B_ falf_3S(03)_Anis_S2_C_ MAPF_4S(01)_Anis_S2_D_ PREP_Athayde_S1_A_ SCIS_2F(01)_Athayde_S1_B_ PREP_Athayde_S1_C_ DANR_4S(01)_Athayde_S1_D_ PREP_Athayde_S2_A_ DANR_2S(02)_Athayde_S2_B_ PREP_Athayde_S2_C_ DANR_4S(02)_Athayde_S2_D_ PREP_Bara_S1_A_ PREP_Bara_S1_B_ PREP_Bara_S1_C_ PREP_Bara_S1_D_ PREP_Bara_S2_A_ PREP_Bara_S2_B_ PREP_Bara_S2_C_ PREP_Bara_S2_D_ PHER_4F(02)A1_Barnych_S1_A_ PREP_Barnych_S1_A_ PREP_Barnych_S1_B_ PHER_1F(05)B2_Barnych_S1_B_ PHER_2F(05)_Barnych_S1_C_ PHER_1F(14)D1_Barnych_S1_D_ PHER_4F(06)D2_Barnych_S1_D_ PREP_Barnych_S2_A_ PHER_4F(08)B1_Barnych_S2_B_ PHER_1F(05)B2_Barnych_S2_B_ PHER_2F(11)_Barnych_S2_C_ PHER_1F(14)D1_Barnych_S2_D_ PHER_4F(11)D2_Barnych_S2_D_ CS109V_4S(01)_Bazilewich_S1_A_ CS105V_3S(01)_Bazilewich_S1_B_ CS106V_3S(01)_Bazilewich_S1_C_ PREP_Bazilewich_S1_D_ CS108V_4S(01)_Bazilewich_S2_A_ CS106V_3S(02)_Bazilewich_S2_B_ CS111V_4S(01)_Bazilewich_S2_C_ PREP_Bazilewich_S2_D_ falf_4S(01)_Beckett_S1_A_ falf_4S(02)_Beckett_S1_B_ PREP_Beckett_S1_C_ Fraf_2F(01)_Beckett_S1_D_ Fraf_2F(03)_Beckett_S2_A_ falf_4S(03)_Beckett_S2_B_ Fraf_2F(04)_Beckett_S2_C_ PREP_Beckett_S2_D_ RITR_1S(05)_Bilewitch_S1_A_ RITR_1S(07)_Bilewitch_S1_B_ SOSR_1F(05)C1_Bilewitch_S1_C_ PREP_Bilewitch_S1_C_ PREP_Bilewitch_S1_D_ SOSR_1F(07)D2_Bilewitch_S1_D_ ENGR_1F(05)_Bilewitch_S2_A_ ENGR_1F(07)_Bilewitch_S2_B_ SOSR_1F(05)C1_Bilewitch_S2_C_ PREP_Bilewitch_S2_C_ PREP_Bilewitch_S2_D_ SOSR_1F(07)D2_Bilewitch_S2_D_ PREP_Boyes_S1_A_ PREP_Boyes_S1_B_ MCCR_1S(01)C1_Boyes_S1_C_ PREP_Boyes_S1_C_ PREP_Boyes_S1_D_ PREP_Boyes_S2_A_ PREP_Boyes_S2_B_ MCCR_1S(01)C1_Boyes_S2_C_ PREP_Boyes_S2_C_ PREP_Boyes_S2_D_ PREP_Buller_S1_A_ PREP_Buller_S1_B_ PREP_Buller_S1_C_ PREP_Buller_S1_D_ PREP_Buller_S2_A_ PREP_Buller_S2_B_ PREP_Buller_S2_C_ PREP_Buller_S2_D_ BMAR_4S(01)_Buskell_S1_A_ BMAR_4S(02)_Buskell_S1_B_ PREP_Buskell_S1_C_ CS107V_4S(01)_Buskell_S1_D_ BMAR_4S(03)_Buskell_S2_A_ PREP_Buskell_S2_B_ LWPR_2S(04)_Buskell_S2_C_ CS103V_2S(03)_Buskell_S2_D_ ENGC_4S(01)_Carpick_S1_A_ PREP_Carpick_S1_B_ ENGC_4S(03)_Carpick_S1_C_ ENGL_4S(04)_Carpick_S1_D_ PREP_Carpick_S2_A_ ENGC_4S(06)_Carpick_S2_B_ ENGC_4S(07)_Carpick_S2_C_ ENGL_3S(05)_Carpick_S2_D_ CHER_4S(01)_Carrington_S1_A_ PREP_Carrington_S1_B_ CHER_3S(02)_Carrington_S1_C_ CHER_3S(03)_Carrington_S1_D_ PREP_Carrington_S2_A_ CHER_4S(03)_Carrington_S2_B_ CHER_4S(04)_Carrington_S2_C_ CHER_3S(05)_Carrington_S2_D_ PHYR_3S(01)_Clifford_S1_A_ PREP_Clifford_S1_B_ PHYR_4S(01)_Clifford_S1_C_ PHYR_4S(02)_Clifford_S1_D_ SCIR_2F(04)_Clifford_S2_A_ PHYR_3S(03)_Clifford_S2_B_ PHYR_4S(03)_Clifford_S2_C_ PREP_Clifford_S2_D_ PREP_Cooper_S1_A_ ENGC_4S(02)_Cooper_S1_B_ ENGT_4S(01)_Cooper_S1_C_ ENGT_4S(02)_Cooper_S1_D_ PREP_Cooper_S2_A_ ENGT_4S(03)_Cooper_S2_B_ ENGC_4S(08)_Cooper_S2_C_ ENGC_4S(09)_Cooper_S2_D_ ESMR_4S(03)_DeGrave_S1_A_ ESMR_4S(01)_DeGrave_S1_B_ IAPR_2S(03)_DeGrave_S1_C_ PREP_DeGrave_S1_D_ ESMR_4S(04)_DeGrave_S2_A_ ESMR_4S(05)_DeGrave_S2_B_ PREP_DeGrave_S2_C_ ESMR_3S(06)_DeGrave_S2_D_ CHER_3S(01)_Dionisio_S1_A_ CHEE_4S(01)_Dionisio_S1_B_ CHER_4S(02)_Dionisio_S1_C_ PREP_Dionisio_S1_D_ PREP_Dionisio_S2_A_ CHEP_4S(01)_Dionisio_S2_B_ CHER_3S(04)_Dionisio_S2_C_ CHEE_3S(01)_Dionisio_S2_D_ D1MR_2S(01)_Dizor_S1_A_ D1MR_3S(01)_Dizor_S1_A_ D1MR_4S(01)_Dizor_S1_A_ HISR_3F(03)_Dizor_S1_B_ CMHR_4S(01)_Dizor_S1_C_ PREP_Dizor_S1_D_ D1MR_2S(02)_Dizor_S2_A_ D1MR_3S(02)_Dizor_S2_A_ D1MR_4S(02)_Dizor_S2_A_ HISR_3F(09)_Dizor_S2_B_ PREP_Dizor_S2_C_ HISR_3F(10)_Dizor_S2_D_ APMR_3S(01)_Doerksen_S1_A_ APMR_4S(01)_Doerksen_S1_B_ ESMR_4S(02)_Doerksen_S1_C_ PREP_Doerksen_S1_D_ APMR_3S(02)_Doerksen_S2_A_ APMR_4S(02)_Doerksen_S2_B_ ESMR_4S(06)_Doerksen_S2_C_ PREP_Doerksen_S2_D_ EALR_4S(01)_Dyck_S1_A_ LS1R_1F(01)_Dyck_S1_A_ LS2R_2F(01)_Dyck_S1_A_ LS3R_3F(01)_Dyck_S1_A_ ENGC_3E(01)_Dyck_S1_B_ ENGC_4E(01)_Dyck_S1_B_ ENGR_1E(01)_Dyck_S1_B_ ENGR_2E(01)_Dyck_S1_B_ PREP_Dyck_S1_C_ RITR_3S(03)D1_Dyck_S1_D_ RTHR_2S(01)_Dyck_S1_D_ RTHR_3S(01)_Dyck_S1_D_ PREP_Dyck_S1_D_ EALR_4S(02)_Dyck_S2_A_ ENGC_3E(03)_Dyck_S2_A_ LS1R_1F(02)_Dyck_S2_A_ LS2R_2F(02)_Dyck_S2_A_ ENGC_3E(02)_Dyck_S2_B_ ENGC_4E(02)_Dyck_S2_B_ ENGR_1E(02)_Dyck_S2_B_ ENGR_2E(02)_Dyck_S2_B_ PREP_Dyck_S2_C_ RITR_3S(04)D1_Dyck_S2_D_ RTHR_2S(02)_Dyck_S2_D_ RTHR_3S(02)_Dyck_S2_D_ RESR01(LEd)D2_Dyck_S2_D_ MP207V_2S(01)_Dyck-Lyons_S1_A_ PREP_Dyck-Lyons_S1_B_ MP209V_4S(98)_Dyck-Lyons_S1_C_ MP210V_3S(98)_Dyck-Lyons_S1_D_ MP211V_4S(98)_Dyck-Lyons_S2_A_ MP212V_4S(98)_Dyck-Lyons_S2_B_ PREP_Dyck-Lyons_S2_C_ MP206H_1S(03)C2_Dyck-Lyons_S2_C_ MP209V_3S(01)_Dyck-Lyons_S2_D_ RESR01(LEb)_Ellison_S1_A_ ESMR_2M(01)_Ellison_S1_B_ ESMR_3M(01)_Ellison_S1_B_ ESMR_4M(01)_Ellison_S1_B_ MATR_1M(04)_Ellison_S1_B_ ENGC_3M(01)_Ellison_S1_C_ ENGC_4M(01)_Ellison_S1_C_ ENGR_1M(04)_Ellison_S1_C_ ENGR_2M(01)_Ellison_S1_C_ CTSR_3M(01)_Ellison_S1_D_ GEOR_2M(01)_Ellison_S1_D_ GLIR_4M(01)_Ellison_S1_D_ HISR_3M(01)_Ellison_S1_D_ RESR01(LEc)_Ellison_S2_A_ ESMR_2M(01)_Ellison_S2_B_ ESMR_3M(01)_Ellison_S2_B_ ESMR_4M(01)_Ellison_S2_B_ MATR_1M(04)_Ellison_S2_B_ ENGC_3M(01)_Ellison_S2_C_ ENGC_4M(01)_Ellison_S2_C_ ENGR_1M(04)_Ellison_S2_C_ ENGR_2M(01)_Ellison_S2_C_ CTSR_3M(02)_Ellison_S2_D_ GEOR_2M(02)_Ellison_S2_D_ GLIR_4M(02)_Ellison_S2_D_ HISR_3M(02)_Ellison_S2_D_ PREP_Epp-Koop_S1_A_ PCMR_3S(02)_Epp-Koop_S1_B_ PCMR_4S(03)_Epp-Koop_S1_C_ PCMR_3S(03)_Epp-Koop_S1_D_ IAPR_2S(05)_Epp-Koop_S2_A_ IAPR_2S(06)_Epp-Koop_S2_B_ PCMR_3S(05)_Epp-Koop_S2_C_ PREP_Epp-Koop_S2_D_ CS103V_2S(01)_Esposito_S1_A_ CS103V_2S(02)_Esposito_S1_B_ CS102V_1S(01)C1_Esposito_S1_C_ CS102V_1S(02)C2_Esposito_S1_C_ PREP_Esposito_S1_D_ CS104V_3S(01)_Esposito_S2_A_ CS104V_3S(02)_Esposito_S2_B_ CS102V_1S(01)C1_Esposito_S2_C_ CS102V_1S(02)C2_Esposito_S2_C_ PREP_Esposito_S2_D_ PREP_Fast_S1_A_ SCIR_1F(11)A2_Fast_S1_A_ TRMR_1F(10)_Fast_S1_B_ SCIR_1F(10)C1_Fast_S1_C_ PREP_Fast_S1_C_ TRMR_1F(11)_Fast_S1_D_ SCIR_1F(11)A1_Fast_S2_A_ PREP_Fast_S2_A_ MATR_1F(10)_Fast_S2_B_ SCIR_1F(10)C1_Fast_S2_C_ PREP_Fast_S2_C_ MATR_1F(11)_Fast_S2_D_ RITR_1S(09)_Grywinski_S1_A_ PREP_Grywinski_S1_B_ SOSR_1F(08)B2_Grywinski_S1_B_ SOSR_1F(09)C1_Grywinski_S1_C_ PREP_Grywinski_S1_C_ RITR_1S(08)_Grywinski_S1_D_ ENGR_1F(09)_Grywinski_S2_A_ PREP_Grywinski_S2_B_ SOSR_1F(08)B2_Grywinski_S2_B_ SOSR_1F(09)C1_Grywinski_S2_C_ PREP_Grywinski_S2_C_ ENGR_1F(08)_Grywinski_S2_D_ ENGC_3S(01)_Fitkowsky_S1_A_ PREP_Fitkowsky_S1_B_ ENGR_2F(05)_Fitkowsky_S1_C_ ENGT_3S(01)_Fitkowsky_S1_D_ ENGC_3S(05)_Fitkowsky_S2_A_ PREP_Fitkowsky_S2_B_ SOSR_1F(05)C1_Fitkowsky_S2_C_ PREP_Fitkowsky_S2_C_ PREP_Fitkowsky_S2_D_ SOSR_1F(07)D2_Fitkowsky_S2_D_ MP207V_2S(98)_Fowler_S1_A_ MP208V_3S(98)_Fowler_S1_B_ PREP_Fowler_S1_C_ MP206H_1S(02)C2_Fowler_S1_C_ MP213V_4S(01)_Fowler_S1_D_ PREP_Fowler_S2_A_ MP207V_2S(02)_Fowler_S2_B_ MP213V_4S(98)_Fowler_S2_C_ MP214V_4S(98)_Fowler_S2_D_ ENGL_3S(01)_Friesen_S1_A_ ENGL_3S(02)_Friesen_S1_B_ ENGC_3S(03)_Friesen_S1_C_ PREP_Friesen_S1_D_ ENGR_2F(10)_Friesen_S2_A_ PREP_Friesen_S2_B_ ENGR_2F(12)_Friesen_S2_C_ ENGR_2F(15)_Friesen_S2_D_ SCIF_2F(01)_Friesen_S1_A_ PREP_Friesen_S1_B_ SCIF_2F(03)_Friesen_S1_C_ BIOF_3S(01)_Friesen_S1_D_ PREP_Friesen_S2_A_ SCIF_2F(04)_Friesen_S2_B_ BIOF_4S(01)_Friesen_S2_C_ BIOF_3S(02)_Friesen_S2_D_ PREP_Galvao_S1_A_ MP210V_3S(01)_Galvao_S1_B_ MP209V_4S(99)_Galvao_S1_C_ MP210V_3S(99)_Galvao_S1_D_ PREP_Galvao_S2_A_ MP211V_4S(01)_Galvao_S2_B_ MP213V_3S(99)_Galvao_S2_C_ MP214V_4S(99)_Galvao_S2_D_ PREP_Gaudreau_S1_A_ SCIR_2F(02)_Gaudreau_S1_B_ SCIS_2F(02)_Gaudreau_S1_C_ SCIS_2F(03)_Gaudreau_S1_D_ SCIS_2F(04)_Gaudreau_S2_A_ PREP_Gaudreau_S2_B_ SCIS_2F(05)_Gaudreau_S2_C_ SCIR_2F(05)_Gaudreau_S2_D_ PREP_Gebhardt_S1_A_ IAPF_2S(01)_Gebhardt_S1_B_ PCMF_3S(01)_Gebhardt_S1_C_ IAPF_2S(02)_Gebhardt_S1_D_ PCMF_4S(01)_Gebhardt_S2_A_ PCMF_3S(02)_Gebhardt_S2_B_ PREP_Gebhardt_S2_C_ IAPF_2S(03)_Gebhardt_S2_D_ PREP_Graham_S1_A_ PREP_Graham_S1_B_ PREP_Graham_S1_C_ PREP_Graham_S1_D_ PREP_Graham_S2_A_ PREP_Graham_S2_B_ PREP_Graham_S2_C_ PREP_Graham_S2_D_ SOSR_1F(10)A1_Hopko_S1_A_ PREP_Hopko_S1_A_ RITR_1S(11)_Hopko_S1_B_ PREP_Hopko_S1_C_ SOSR_1F(11)C2_Hopko_S1_C_ RITR_1S(10)_Hopko_S1_D_ SOSR_1F(10)A1_Hopko_S2_A_ PREP_Hopko_S2_A_ ENGR_1F(11)_Hopko_S2_B_ PREP_Hopko_S2_C_ SOSR_1F(11)C2_Hopko_S2_C_ ENGR_1F(10)_Hopko_S2_D_ GRAR_3G(01)_Haussler_S1_A_ GRAR_4S(01)_Haussler_S1_B_ PREP_Haussler_S1_C_ GRAR_2G(02)_Haussler_S1_D_ PREP_Haussler_S2_A_ GRAR_3G(04)_Haussler_S2_B_ GRHR_1G(03)C1_Haussler_S2_C_ DM093V_1S(02)C2_Haussler_S2_C_ GRAR_2G(04)_Haussler_S2_D_ SOSR_1F(06)A1_Johnson_S1_A_ PREP_Johnson_S1_A_ RITR_1S(04)_Johnson_S1_B_ PREP_Johnson_S1_C_ SOSR_1F(04)C2_Johnson_S1_C_ RITR_1S(06)_Johnson_S1_D_ SOSR_1F(06)A1_Johnson_S2_A_ PREP_Johnson_S2_A_ ENGR_1F(04)_Johnson_S2_B_ PREP_Johnson_S2_C_ SOSR_1F(04)C2_Johnson_S2_C_ ENGR_1F(06)_Johnson_S2_D_ PREP_Hull_S1_A_ FSTR_2S(02)_Hull_S1_B_ FSTR_4S(02)_Hull_S1_C_ FSTR_2S(01)_Hull_S1_D_ TADR_2S(01)_Hull_S2_A_ TADR_4S(01)_Hull_S2_A_ TADR_2S(02)_Hull_S2_B_ TADR_3S(01)_Hull_S2_B_ PREPC1_Hull_S2_C_ TDHR_1S(01)C2_Hull_S2_C_ FSTR_2S(03)_Hull_S2_D_ ESMR_2S(01)_Isfeld_S1_A_ ESMR_3S(01)_Isfeld_S1_B_ ESMR_2S(02)_Isfeld_S1_C_ PREP_Isfeld_S1_D_ ESMR_2S(03)_Isfeld_S2_A_ ESMR_3S(04)_Isfeld_S2_B_ ESMR_3S(05)_Isfeld_S2_C_ PREP_Isfeld_S2_D_ RITR_1S(13)_Moore_S1_A_ RITR_1S(12)_Moore_S1_B_ SOSR_1F(05)C1_Moore_S1_C_ PREP_Moore_S1_C_ PREP_Moore_S1_D_ SOSR_1F(07)D2_Moore_S1_D_ ENGR_1F(13)_Moore_S2_A_ ENGR_1F(12)_Moore_S2_B_ SOSR_1F(05)C1_Moore_S2_C_ PREP_Moore_S2_C_ PREP_Moore_S2_D_ SOSR_1F(07)D2_Moore_S2_D_ PREP_Knight_S1_A_ PREP_Knight_S1_B_ PREP_Knight_S1_C_ PREP_Knight_S1_D_ PREP_Knight_S2_A_ PREP_Knight_S2_B_ PREP_Knight_S2_C_ PREP_Knight_S2_D_ FNUR_2S(01)_Kramble_S1_A_ FNUR_2S(02)_Kramble_S1_B_ PREP_Kramble_S1_C_ PEP_Kramble_S1_D_ _Kramble_S1_D_ FNUR_2S(04)_Kramble_S2_A_ FNUR_2S(05)_Kramble_S2_B_ PREP_Kramble_S2_C_ FOHR_1S(03)C2_Kramble_S2_C_ PREP_Kramble_S2_D_ PREP_Kutcher_S1_A_ PREP_Kutcher_S1_B_ PREP_Kutcher_S1_C_ PREP_Kutcher_S1_D_ PREP_Kutcher_S2_A_ PREP_Kutcher_S2_B_ PREP_Kutcher_S2_C_ PREP_Kutcher_S2_D_ DRAR_3G(01)_Lachance_S1_A_ DRAR_2G(01)_Lachance_S1_B_ DRHR_1G(01)C1_Lachance_S1_C_ DRHR_1G(02)C2_Lachance_S1_C_ PREP_Lachance_S1_D_ DRAR_4S(01)_Lachance_S2_A_ DRAR_2G(02)_Lachance_S2_B_ DRAR_2G(03)_Lachance_S2_C_ PREP_Lachance_S2_D_ RITR_1S(14)_Neil_S1_A_ TRMR_1F(14)_Neil_S1_B_ SOSR_1F(14)C1_Neil_S1_C_ PREP_Neil_S1_C_ PREP_Neil_S1_D_ SCIR_1F(14)D2_Neil_S1_D_ ENGR_1S(14)_Neil_S2_A_ MATR_1F(14)_Neil_S2_B_ SOSR_1F(14)C1_Neil_S2_C_ PREP_Neil_S2_C_ PREP_Neil_S2_D_ SCIR_1F(14)D2_Neil_S2_D_ MP207V_2S(99)_Leduc_S1_A_ MP208V_3S(99)_Leduc_S1_B_ PREP_Leduc_S1_C_ MP208V_3S(01)_Leduc_S1_D_ MP211V_4S(99)_Leduc_S2_A_ MP212V_4S(99)_Leduc_S2_B_ MP208V_3S(02)_Leduc_S2_C_ PREP_Leduc_S2_D_ PREP_Mackintosh_S1_A_ PREP_Mackintosh_S1_B_ PREP_Mackintosh_S1_C_ PREP_Mackintosh_S1_D_ PREP_Mackintosh_S2_A_ PREP_Mackintosh_S2_B_ PREP_Mackintosh_S2_C_ PREP_Mackintosh_S2_D_ PREP_Mason_S1_A_ PREP_Mason_S1_B_ PREP_Mason_S1_C_ PREP_Mason_S1_D_ PREP_Mason_S2_A_ PREP_Mason_S2_B_ PREP_Mason_S2_C_ PREP_Mason_S2_D_ TRMF_1F(01)_McCaffrey_S1_A_ TRMF_1F(03)_McCaffrey_S1_B_ PREP_McCaffrey_S1_C_ TRMF_1F(02)_McCaffrey_S1_D_ MATF_1F(01)_McCaffrey_S2_A_ MATF_1F(02)_McCaffrey_S2_B_ PREP_McCaffrey_S2_C_ MATF_1F(03)_McCaffrey_S2_D_ RESR01(01)_McIvor_S1_A_ RESR01(02)_McIvor_S1_B_ RESR01(03)_McIvor_S1_C_ RESR01(04)_McIvor_S1_D_ PREP_McIvor_S2_A_ PREP_McIvor_S2_B_ PREP_McIvor_S2_C_ PREP_McIvor_S2_D_ PREP_Ocharuk_S1_A_ SCIR_1F(04)A2_Ocharuk_S1_A_ TRMR_1F(06)_Ocharuk_S1_B_ SCIR_1F(06)C1_Ocharuk_S1_C_ PREP_Ocharuk_S1_C_ TRMR_1F(04)_Ocharuk_S1_D_ PREP_Ocharuk_S2_A_ SCIR_1F(04)A2_Ocharuk_S2_A_ MATR_1F(06)_Ocharuk_S2_B_ SCIR_1F(06)C1_Ocharuk_S2_C_ PREP_Ocharuk_S2_C_ MATR_1F(04)_Ocharuk_S2_D_ LWPR_2S(01)_Moskal_S1_A_ PREP_Moskal_S1_B_ LWPR_2S(06)_Moskal_S1_C_ GEOR_2F(05)_Moskal_S1_D_ LWPR_2S(05)_Moskal_S2_A_ GLIR_4S(01)_Moskal_S2_B_ PREP_Moskal_S2_C_ CTIR_4S(01)_Moskal_S2_D_ PCMR_3S(01)_Mytopher_S1_A_ PCMR_4S(02)_Mytopher_S1_B_ PREP_Mytopher_S1_C_ PCMR_4S(04)_Mytopher_S1_D_ PCME_4S(02)_Mytopher_S2_A_ PCMR_3S(04)_Mytopher_S2_B_ PREP_Mytopher_S2_C_ PCMR_4S(05)_Mytopher_S2_D_ TRMR_1F(12)_Pachkowsky_S1_A_ PREP_Pachkowsky_S1_B_ SCIR_1F(13)B2_Pachkowsky_S1_B_ SCIR_1F(12)C1_Pachkowsky_S1_C_ PREP_Pachkowsky_S1_C_ TRMR_1F(13)_Pachkowsky_S1_D_ MATR_1F(12)_Pachkowsky_S2_A_ PREP_Pachkowsky_S2_B_ SCIR_1F(13)B2_Pachkowsky_S2_B_ SCIR_1F(12)C1_Pachkowsky_S2_C_ PREP_Pachkowsky_S2_C_ MATR_1F(13)_Pachkowsky_S2_D_ IAPR_2S(01)_Neufeld_S1_A_ IAPR_2S(02)_Neufeld_S1_B_ ESMR_3S(02)_Neufeld_S1_C_ PREP_Neufeld_S1_D_ ESMR_3S(03)_Neufeld_S2_A_ ESMR_2S(04)_Neufeld_S2_B_ ESMR_2S(05)_Neufeld_S2_C_ PREP_Neufeld_S2_D_ PREP_Nichol_S1_A_ ENGC_3S(02)_Nichol_S1_B_ ENGR_2F(06)_Nichol_S1_C_ ENGR_2F(08)_Nichol_S1_D_ ENGC_3S(04)_Nichol_S2_A_ ENGC_3S(06)_Nichol_S2_B_ ENGR_2F(13)_Nichol_S2_C_ PREP_Nichol_S2_D_ PHER_1F(11)A1_Queijo_S1_A_ PHER_1F(10)A2_Queijo_S1_A_ PHER_1F(13)B1_Queijo_S1_B_ PREP_Queijo_S1_B_ PHER_4F(04)C1_Queijo_S1_C_ PHER_4F(05)C2_Queijo_S1_C_ PREP_Queijo_S1_D_ PHER_1F(09)D2_Queijo_S1_D_ PHER_1F(11)A1_Queijo_S2_A_ PHER_1F(10)A2_Queijo_S2_A_ PHER_1F(13)B1_Queijo_S2_B_ PREP_Queijo_S2_B_ PHER_4F(09)C1_Queijo_S2_C_ PHER_4F(10)C2_Queijo_S2_C_ PREP_Queijo_S2_D_ PHER_1F(09)D2_Queijo_S2_D_ PHER_2F(01)_Esselmont_S1_A_ PHER_2F(02)_Esselmont_S1_B_ PREP_Esselmont_S1_C_ PHEW_2F(01)D1_Esselmont_S1_D_ PHEW_3F(01)D2_Esselmont_S1_D_ PHEW_4F(01)D2_Esselmont_S1_D_ PHER_2F(07)_Esselmont_S2_A_ PHER_2F(08)_Esselmont_S2_B_ PREP_Esselmont_S2_C_ PHEW_2F(01)D1_Esselmont_S2_D_ PHEW_3F(01)D2_Esselmont_S2_D_ PHEW_4F(01)D2_Esselmont_S2_D_ GEOF_2F(01)_Pereira_S1_A_ SCIF_1F(01)_Pereira_S1_B_ PREP_Pereira_S1_C_ GEOF_2F(02)_Pereira_S1_D_ SCIF_1F(03)_Pereira_S2_A_ GEOF_2F(03)_Pereira_S2_B_ GEOF_2F(04)_Pereira_S2_C_ PREP_Pereira_S2_D_ POMR_3G(01)_Perreault_S1_A_ POMR_2G(01)_Perreault_S1_B_ PREPC1_Perreault_S1_C_ PMHR_1G(02)C2_Perreault_S1_C_ PMOR_2G(02)_Perreault_S1_D_ POMR_2G(03)_Perreault_S2_A_ POMR_4S(01)_Perreault_S2_B_ PMHR_1G(03)C1_Perreault_S2_C_ PREP_Perreault_S2_C_ POMR_2G(03)_Perreault_S2_D_ HISR_3F(01)_Petri_S1_A_ HISR_3F(02)_Petri_S1_B_ PREP_Petri_S1_C_ GEOR_2F(06)_Petri_S1_D_ GEOR_2F(07)_Petri_S2_A_ HISR_3S(11)_Petri_S2_B_ PREP_Petri_S2_C_ HISR_4S(01)_Petri_S2_D_ PREP_Petryshyn_S1_A_ GEOR_2F(03)_Petryshyn_S1_B_ HISR_3F(04)_Petryshyn_S1_C_ HISR_3F(05)_Petryshyn_S1_D_ HISR_3F(07)_Petryshyn_S2_A_ PREP_Petryshyn_S2_B_ HISR_3F(08)_Petryshyn_S2_C_ GEOR_2F(10)_Petryshyn_S2_D_ GEOR_2F(01)_Prociuk_S1_A_ PREP_Prociuk_S1_B_ GEOR_2F(04)_Prociuk_S1_C_ HISR_3F(06)_Prociuk_S1_D_ PSYR_4S(03)_Prociuk_S2_A_ GEOR_2F(08)_Prociuk_S2_B_ PSYR_4S(04)_Prociuk_S2_C_ PREP_Prociuk_S2_D_ AESR_3S(01)_Pura_S1_A_ LWPR_2S(02)_Pura_S1_B_ RTPR_3S(01)_Pura_S1_C_ PREP_Pura_S1_D_ AESR_3S(02)_Pura_S2_A_ LWPR_2S(03)_Pura_S2_B_ PREP_Pura_S2_C_ ASYR_4S(01)_Pura_S2_D_ PREP_Larveld_S1_A_ PHER_2F(03)_Larveld_S1_B_ PHER_3F(03)C1_Larveld_S1_C_ PHER_3F(04)C2_Larveld_S1_C_ PHER_2F(06)_Larveld_S1_D_ PHER_3F(07)A2_Larveld_S2_A_ PREP_Larveld_S2_A_ PHER_2F(09)_Larveld_S2_B_ PHER_3F(09)C1_Larveld_S2_C_ PHER_3F(10)C2_Larveld_S2_C_ PHER_3F(11)D1_Larveld_S2_D_ PREP_Larveld_S2_D_ PCMR_4S(01)_Ramos_S1_A_ PREP_Ramos_S1_B_ ADME_4S(01)_Ramos_S1_C_ PCME_4S(01)_Ramos_S1_D_ ADME_4S(02)_Ramos_S2_A_ PREP_Ramos_S2_B_ AM2R_4S(01)_Ramos_S2_C_ ICAR_4S(01)_Ramos_S2_D_ COSR_3S(01)_RempelSmith_S1_A_ PREP_RempelSmith_S1_B_ DM096V_3S(97)_RempelSmith_S1_C_ DM097V_3S(97)_RempelSmith_S1_D_ COSR_4S(01)_RempelSmith_S2_A_ PREP_RempelSmith_S2_B_ DM094V_2S(02)_RempelSmith_S2_C_ DM097V_3S(01)_RempelSmith_S2_D_ DM099V_4S(01)_RempelSmith_S2_D_ ELER_2G(01)_Ridgedale_S1_A_ ELER_3G(01)_Ridgedale_S1_B_ ELER_4S(01)_Ridgedale_S1_B_ PREP_Ridgedale_S1_C_ ELHR_1G(01)C2_Ridgedale_S1_C_ PREP_Ridgedale_S1_D_ ELER_2G(02)_Ridgedale_S2_A_ ELER_3G(02)_Ridgedale_S2_B_ ELER_4S(02)_Ridgedale_S2_B_ ELHR_1G(02)C1_Ridgedale_S2_C_ ELHR_1G(03)C2_Ridgedale_S2_C_ PREP_Ridgedale_S2_D_ SCIR_2F(01)_Robak_S1_A_ BIOR_4S(01)_Robak_S1_B_ PREP_Robak_S1_C_ BIOR_3S(03)_Robak_S1_D_ PREP_Robak_S2_A_ CTSE_3S(01)_Robak_S2_B_ BIOR_4S(02)_Robak_S2_C_ BIOR_4S(03)_Robak_S2_D_ PHER_3F(01)A1_Swirsky_S1_A_ PHER_4F(01)A2_Swirsky_S1_A_ PHER_4F(03)B1_Swirsky_S1_B_ PREP_Swirsky_S1_B_ PHER_2F(04)_Swirsky_S1_C_ PREP_Swirsky_S1_D_ PHER_3F(05)D2_Swirsky_S1_D_ PHER_3F(06)A1_Swirsky_S2_A_ PHER_4F(07)A2_Swirsky_S2_A_ PREP_Swirsky_S2_B_ PHER_2F(10)_Swirsky_S2_C_ PHER_2F(12)_Swirsky_S2_D_ PREP_Sankovic_S1_A_ BIOR_3S(01)_Sankovic_S1_B_ BIOE_4S(01)_Sankovic_S1_C_ BIOE_4S(02)_Sankovic_S1_D_ PREP_Sankovic_S2_A_ CTSR_3S(01)_Sankovic_S2_B_ BIOP_4S(01)_Sankovic_S2_C_ BIOP_4S(02)_Sankovic_S2_D_ PREP_Sawchuk_S1_A_ PREP_Sawchuk_S1_B_ PREP_Sawchuk_S1_C_ PREP_Sawchuk_S1_D_ PREP_Sawchuk_S2_A_ PREP_Sawchuk_S2_B_ PREP_Sawchuk_S2_C_ PREP_Sawchuk_S2_D_ PREP_Seidel_S1_A_ GEOR_2F(02)_Seidel_S1_B_ SOCY_3G(02)_Seidel_S1_C_ SOCY_3G(01)_Seidel_S1_D_ SOCY_3G(03)_Seidel_S2_A_ PREP_Seidel_S2_B_ GEOR_2F(09)_Seidel_S2_C_ GEOR_2F(11)_Seidel_S2_D_ GRAR_3G(02)_Shewchuk_S1_A_ GRAR_4S(02)_Shewchuk_S1_B_ MP206H_1S(01)C1_Shewchuk_S1_C_ PREP_Shewchuk_S1_C_ GRAR_2G(01)_Shewchuk_S1_D_ GRAR_4S(03)_Shewchuk_S2_A_ PREP_Shewchuk_S2_B_ GRHR_1G(02)C1_Shewchuk_S2_C_ DM093V_1S(03)C2_Shewchuk_S2_C_ GRAR_2G(03)_Shewchuk_S2_D_ PREP_Silver_S1_A_ PREP_Silver_S1_B_ MU2H_1S(01)C1_Silver_S1_C_ PREP_Silver_S1_C_ PREP_Silver_S1_D_ PREP_Silver_S2_A_ PREP_Silver_S2_B_ PREP_Silver_S2_C_ MU2H_1S(02)C2_Silver_S2_C_ PREP_Silver_S2_D_ PREP_Sinclair_S1_A_ PREP_Sinclair_S1_B_ PREP_Sinclair_S1_C_ PREP_Sinclair_S1_D_ PREP_Sinclair_S2_A_ PREP_Sinclair_S2_B_ PREP_Sinclair_S2_C_ PREP_Sinclair_S2_D_ ENGR_2F(01)_Sinosich_S1_A_ ENGR_2F(03)_Sinosich_S1_B_ ENGR_2F(07)_Sinosich_S1_C_ PREP_Sinosich_S1_D_ PREP_Sinosich_S2_A_ ENGR_2F(11)_Sinosich_S2_B_ ENGC_3S(07)_Sinosich_S2_C_ ENGR_2F(16)_Sinosich_S2_D_ PREP_Slavicek_S1_A_ DM095V_3S(01)_Slavicek_S1_B_ DM098V_4S(01)_Slavicek_S1_B_ DM093H_1S(01)C1_Slavicek_S1_C_ GRHR_1G(01)C2_Slavicek_S1_C_ DM094V_2S(01)_Slavicek_S1_D_ DM098V_4S(97)_Slavicek_S2_A_ DM099V_4S(97)_Slavicek_S2_B_ DM096V_3S(01)_Slavicek_S2_C_ PREP_Slavicek_S2_D_ PREP_Slivinski_S1_A_ SCIE_2F(01)_Slivinski_S1_B_ SCIR_2F(03)_Slivinski_S1_C_ ESMR_2S(R1)_Slivinski_S1_D_ PREP_Slivinski_S2_A_ SCIE_2F(03)_Slivinski_S2_B_ SCIR_2F(R1)_Slivinski_S2_C_ ESMR_2S(R2)_Slivinski_S2_D_ ENGL_4S(01)_Stacey_S1_A_ ENGL_4S(03)_Stacey_S1_B_ ENGL_3S(03)_Stacey_S1_C_ PREP_Stacey_S1_D_ ENGC_4S(05)_Stacey_S2_A_ ENGL_3S(04)_Stacey_S2_B_ PREP_Stacey_S2_C_ ENLE_4S(01)_Stacey_S2_D_ PREP_Steeves_S1_A_ PHEF_3F(01)B1_Steeves_S1_B_ PHEF_4F(01)B2_Steeves_S1_B_ PHEF_1F(02)C1_Steeves_S1_C_ PHEF_1F(01)C2_Steeves_S1_C_ PHEF_2F(01)_Steeves_S1_D_ PREP_Steeves_S2_A_ PHEF_3F(02)B1_Steeves_S2_B_ PHEF_4F(02)B2_Steeves_S2_B_ PHEF_1F(02)C1_Steeves_S2_C_ PHEF_1F(01)C2_Steeves_S2_C_ PHEF_2F(03)_Steeves_S2_D_ PSYR_4S(01)_Stein_S1_A_ PREP_Stein_S1_B_ PSYR_4S(02)_Stein_S1_C_ LAWR_4S(01)_Stein_S1_D_ LAWR_4S(02)_Stein_S2_A_ PSYR_4S(05)_Stein_S2_B_ PREP_Stein_S2_C_ LAWR_4S(03)_Stein_S2_D_ DANR_3S(01)_Suban_S1_A_ PREP_Suban_S1_B_ DNHB_1S(01)C1_Suban_S1_C_ DNHB_1S(02)C2_Suban_S1_C_ DANR_2S(01)_Suban_S1_D_ DANR_2S(03)_Suban_S2_A_ PREP_Suban_S2_B_ DNHB_1S(03)C1_Suban_S2_C_ DNHB_1S(04)C2_Suban_S2_C_ DANR_3S(03)_Suban_S2_D_ WOOR_2G(01)_Sudermann_S1_A_ WOOR_3G(01)_Sudermann_S1_B_ WOHR_1G(01)C1_Sudermann_S1_C_ WOHR_1G(02)C2_Sudermann_S1_C_ PREP_Sudermann_S1_D_ WOOR_3G(02)_Sudermann_S2_A_ WOOR_4S(01)_Sudermann_S2_A_ WOOR_2G(02)_Sudermann_S2_B_ PREP_Sudermann_S2_C_ WOHR_1G(03)C2_Sudermann_S2_C_ PREP_Sudermann_S2_D_ TRMR_1F(07)_Russell_S1_A_ SCIR_1F(05)B1_Russell_S1_B_ PREP_Russell_S1_B_ PREP_Russell_S1_C_ SCIR_1F(07)C2_Russell_S1_C_ TRMR_1F(05)_Russell_S1_D_ MATR_1F(07)_Russell_S2_A_ SCIR_1F(05)B1_Russell_S2_B_ PREP_Russell_S2_B_ PREP_Russell_S2_C_ SCIR_1F(07)C2_Russell_S2_C_ MATR_1F(05)_Russell_S2_D_ FNUR_3S(01)_Tao_S1_A_ FNUR_3S(02)_Tao_S1_B_ FOHR_1S(01)C1_Tao_S1_C_ PREP_Tao_S1_C_ FNUR_4S(01)_Tao_S1_D_ FNUR_2S(03)_Tao_S2_A_ FNUR_3S(03)_Tao_S2_B_ FOHR_1S(02)C1_Tao_S2_C_ PREP_Tao_S2_C_ FNUR_4S(02)_Tao_S2_D_ SCIF_1F(02)_TEACHERV_S1_A_ SCIF_2F(02)_TEACHERV_S1_B_ Fraf_2F(02)_TEACHERV_S1_C_ PREP_TEACHERV_S1_D_ _TEACHERV_S2_A_ _TEACHERV_S2_B_ _TEACHERV_S2_C_ _TEACHERV_S2_D_ HISF_3F(01)_TeacherX_S1_A_ HISF_3F(02)_TeacherX_S1_B_ PREP_TeacherX_S1_C_ SCHF_1F(03)_TeacherX_S1_D_ PREP_TeacherX_S2_A_ SCHF_1F(01)_TeacherX_S2_B_ HISF_3F(03)_TeacherX_S2_C_ SCHF_1F(02)_TeacherX_S2_D_ ENGW_4S(01)A1_TeacherY_S1_A_ ENGW_3S(01)A2_TeacherY_S1_A_ HISW_3S(01)B1_TeacherY_S1_B_ GLIW_4S(01)B2_TeacherY_S1_B_ ENGW_2F(01)C1_TeacherY_S1_C_ PREPC2_TeacherY_S1_C_ PEP-Option_3(01)D1_TeacherY_S1_D_ PHEW_3F(01)D2_TeacherY_S1_D_ _TeacherY_S1_D_ ENGW_4S(01)A1_TeacherY_S2_A_ ENGW_3S(01)A2_TeacherY_S2_A_ HISW_3S(01)B1_TeacherY_S2_B_ GLIW_4S(01)B2_TeacherY_S2_B_ ENGW_2F(01)C1_TeacherY_S2_C_ PREPC2_TeacherY_S2_C_ PEP-Option_3(01)D1_TeacherY_S2_D_ PE_TeacherY_S2_D_ Support_TeacherY_S2_D_ D2_TeacherY_S2_D_ _TeacherY_S2_D_ ESMW_3S(01)A1_TeacherZ_S1_A_ ESMW_4S(01)A2_TeacherZ_S1_A_ INSW_4S(01)B1_TeacherZ_S1_B_ CTSW_3S(01)B2_TeacherZ_S1_B_ PEP-Option_3(02)C1_TeacherZ_S1_C_ ESMW_2S(01)C2_TeacherZ_S1_C_ PREPD1_TeacherZ_S1_D_ PHEW_4F(01)D2_TeacherZ_S1_D_ ESMW_3S(01)A1_TeacherZ_S2_A_ ESMW_4S(01)A2_TeacherZ_S2_A_ INSW_4S(01)B1_TeacherZ_S2_B_ CTSW_3S(01)B2_TeacherZ_S2_B_ PEP-Option_3(02)C1_TeacherZ_S2_C_ ESMW_2S(01)C2_TeacherZ_S2_C_ PREPD1_TeacherZ_S2_D_ PE_TeacherZ_S2_D_ Support_TeacherZ_S2_D_ D2_TeacherZ_S2_D_ LWPR_2S(WE)A1_Thwaites_S1_A_ SCIW_2F(01)A2_Thwaites_S1_A_ PEP-Option_2(01)_Thwaites_S1_B_ PrepC1_Thwaites_S1_C_ _Thwaites_S1_C_ LWBR_3S(01)C2_Thwaites_S1_C_ PHEW_2F(01)D1_Thwaites_S1_D_ GEOW_2S(01)D2_Thwaites_S1_D_ LWPR_2S(WE)A1_Thwaites_S2_A_ SCIW_2F(01)A2_Thwaites_S2_A_ PEP-Option_2(01)_Thwaites_S2_B_ PrepC1_Thwaites_S2_C_ _Thwaites_S2_C_ LWBR_3S(01)C2_Thwaites_S2_C_ LWTF_4S(01)D1_Thwaites_S2_D_ GEOW_2S(01)D2_Thwaites_S2_D_ PREP_Trethart_S1_A_ INSR_4S(01)_Trethart_S1_B_ ECPR_4S(01)_Trethart_S1_C_ BIOR_3S(02)_Trethart_S1_D_ BIOR_3S(04)_Trethart_S2_A_ BIOR_3S(05)_Trethart_S2_B_ BIOR_3S(06)_Trethart_S2_C_ PREP_Trethart_S2_D_ PH1P_4S(01)_Truderung_S1_A_ PHYE_3S(01)_Truderung_S1_B_ PREP_Truderung_S1_C_ PHYR_3S(02)_Truderung_S1_D_ PREP_Truderung_S2_A_ PHYE_4S(01)_Truderung_S2_B_ PHYR_3S(04)_Truderung_S2_C_ PHYR_4S(04)_Truderung_S2_D_ FILF_1F(03)_Villa_S1_A_ ENGF_1F(02)_Villa_S1_B_ PREP_Villa_S1_C_ FILF_1F(01)_Villa_S1_D_ FILF_1F(02)_Villa_S2_A_ ENGF_1F(03)_Villa_S2_B_ PREP_Villa_S2_C_ ENGF_1F(01)_Villa_S2_D_ FSTR_3S(01)_Waller_S1_A_ FSTR_4S(02)_Waller_S1_B_ FSTR_3S(02)_Waller_S1_C_ PREP_Waller_S1_D_ FSTR_3S(03)_Waller_S2_A_ PREP_Waller_S2_B_ FSTR_4S(03)_Waller_S2_C_ FSTR_4S(04)_Waller_S2_D_ ENGC_3M(04)A1_Wesley_S1_A_ ENGC_4M(02)_Wesley_S1_A_ ENGR_2M(03)_Wesley_S1_A_ ESMR_2M(04)A2_Wesley_S1_A_ ESMR_3M(03)_Wesley_S1_A_ ESMR_4M(02)_Wesley_S1_A_ MATR_1M(05)_Wesley_S1_A_ RESR01(05)_Wesley_S1_B_ LWPR_2M(01)C1_Wesley_S1_C_ PREP_Wesley_S1_C_ PREP_Wesley_S1_D_ LWER_1M(02)D2_Wesley_S1_D_ LWPR_2M(02)_Wesley_S1_D_ PREP_Wesley_S2_A_ PREP_Wesley_S2_B_ PREP_Wesley_S2_C_ PREP_Wesley_S2_D_ PHER_1F(04)A1_Witzke_S1_A_ PHER_1F(06)A2_Witzke_S1_A_ PHER_1F(08)B1_Witzke_S1_B_ PHER_3F(02)B2_Witzke_S1_B_ PREP_Witzke_S1_C_ PHER_1F(07)D1_Witzke_S1_D_ PHER_1F(12)D2_Witzke_S1_D_ PHER_1F(04)A1_Witzke_S2_A_ PHER_1F(06)A2_Witzke_S2_A_ PHER_1F(08)B1_Witzke_S2_B_ PHER_3F(08)B2_Witzke_S2_B_ PREP_Witzke_S2_C_ PHER_1F(07)D1_Witzke_S2_D_ PHER_1F(12)D2_Witzke_S2_D_ LWPR_2S(WE)A1_Wright_S1_A_ SCIW_2F(01)A2_Wright_S1_A_ PEP-Option_2(01)_Wright_S1_B_ PrepC1_Wright_S1_C_ _Wright_S1_C_ LWBR_3S(01)C2_Wright_S1_C_ PHEW_2F(01)D1_Wright_S1_D_ GEOW_2S(01)D2_Wright_S1_D_ LWPR_2S(WE)A1_Wright_S2_A_ SCIW_2F(01)A2_Wright_S2_A_ PEP-Option_2(01)_Wright_S2_B_ PrepC1_Wright_S2_C_ _Wright_S2_C_ LWBR_3S(01)C2_Wright_S2_C_ LWTF_4S(01)D1_Wright_S2_D_ GEOW_2S(01)D2_Wright_S2_D_ IAPE_2S(01)_Yosyk_S1_A_ PREP_Yosyk_S1_B_ PCME_3S(01)_Yosyk_S1_C_ IAPR_2S(04)_Yosyk_S1_D_ PCME_3S(02)_Yosyk_S2_A_ PREP_Yosyk_S2_B_ IAPR_2S(07)_Yosyk_S2_C_ IAPR_2S(08)_Yosyk_S2_D_ TRMR_1F(08)_Zhao_S1_A_ TRMR_1F(09)_Zhao_S1_B_ PREP_Zhao_S1_C_ SCIR_1F(08)C2_Zhao_S1_C_ SCIR_1F(09)D1_Zhao_S1_D_ PREP_Zhao_S1_D_ MATR_1F(08)_Zhao_S2_A_ MATR_1F(09)_Zhao_S2_B_ PREP_Zhao_S2_C_ SCIR_1F(08)C2_Zhao_S2_C_ SCIR_1F(09)D1_Zhao_S2_D_ PREP_Zhao_S2_D_ ENGL_4S(02)_Zurbuchen_S1_A_ PREP_Zurbuchen_S1_B_ ENGC_4S(04)_Zurbuchen_S1_C_ ENGL_3S(06)_Zurbuchen_S1_D_ ENGL_4S(05)_Zurbuchen_S2_A_ ENGR_2F(09)_Zurbuchen_S2_B_ PREP_Zurbuchen_S2_C_ CHER_3S(06)_Zurbuchen_S2_D_ _ZZPLACEHOLDER_S1_A_ _ZZPLACEHOLDER_S1_B_ _ZZPLACEHOLDER_S1_C_ _ZZPLACEHOLDER_S1_D_ _ZZPLACEHOLDER_S2_A_ _ZZPLACEHOLDER_S2_B_ _ZZPLACEHOLDER_S2_C_ _ZZPLACEHOLDER_S2_D_ | U2: =TRIM(CLEAN(SUBSTITUTE(Q2, " ", " "))) -> ENGR_2F(02)_Alfaro_S1_A_ ENGR_2F(04)_Alfaro_S1_B_ PHEF_1F(02)C1_Alfaro_S1_C_ PHEF_1F(01)C2_Alfaro_S1_C_ PREP_Alfaro_S1_D_ PHEF_2F(02)_Alfaro_S2_A_ ENGR_2F(R1)_Alfaro_S2_B_ PHEF_1F(02)C1_Alfaro_S2_C_ PHEF_1F(01)C2_Alfaro_S2_C_ PREP_Alfaro_S2_D_ PREP_Alford_S1_A_ PREP_Alford_S1_B_ PREP_Alford_S1_C_ PREP_Alford_S1_D_ PREP_Alford_S2_A_ PREP_Alford_S2_B_ PREP_Alford_S2_C_ PREP_Alford_S2_D_ DM094V_2S(97)_Alibudbud_S1_A_ DM095V_3S(97)_Alibudbud_S1_B_ DM100V_4S(01)_Alibudbud_S1_C_ MP212V_4S(01)_Alibudbud_S1_C_ PREP_Alibudbud_S1_D_ DM101V_4S(01)_Alibudbud_S2_A_ MP214V_4S(01)_Alibudbud_S2_A_ PREP_Alibudbud_S2_B_ DM100V_4S(97)_Alibudbud_S2_C_ DM101V_4S(97)_Alibudbud_S2_D_ PREP_Anastasiadis_S1_A_ PREP_Anastasiadis_S1_B_ PREP_Anastasiadis_S1_C_ PREP_Anastasiadis_S1_D_ PREP_Anastasiadis_S2_A_ PREP_Anastasiadis_S2_B_ PREP_Anastasiadis_S2_C_ PREP_Anastasiadis_S2_D_ MAPF_3S(01)_Anis_S1_A_ PREP_Anis_S1_B_ falf_3S(01)_Anis_S1_C_ PSYF_4S(01)_Anis_S1_D_ falf_3S(02)_Anis_S2_A_ PREP_Anis_S2_B_ falf_3S(03)_Anis_S2_C_ MAPF_4S(01)_Anis_S2_D_ PREP_Athayde_S1_A_ SCIS_2F(01)_Athayde_S1_B_ PREP_Athayde_S1_C_ DANR_4S(01)_Athayde_S1_D_ PREP_Athayde_S2_A_ DANR_2S(02)_Athayde_S2_B_ PREP_Athayde_S2_C_ DANR_4S(02)_Athayde_S2_D_ PREP_Bara_S1_A_ PREP_Bara_S1_B_ PREP_Bara_S1_C_ PREP_Bara_S1_D_ PREP_Bara_S2_A_ PREP_Bara_S2_B_ PREP_Bara_S2_C_ PREP_Bara_S2_D_ PHER_4F(02)A1_Barnych_S1_A_ PREP_Barnych_S1_A_ PREP_Barnych_S1_B_ PHER_1F(05)B2_Barnych_S1_B_ PHER_2F(05)_Barnych_S1_C_ PHER_1F(14)D1_Barnych_S1_D_ PHER_4F(06)D2_Barnych_S1_D_ PREP_Barnych_S2_A_ PHER_4F(08)B1_Barnych_S2_B_ PHER_1F(05)B2_Barnych_S2_B_ PHER_2F(11)_Barnych_S2_C_ PHER_1F(14)D1_Barnych_S2_D_ PHER_4F(11)D2_Barnych_S2_D_ CS109V_4S(01)_Bazilewich_S1_A_ CS105V_3S(01)_Bazilewich_S1_B_ CS106V_3S(01)_Bazilewich_S1_C_ PREP_Bazilewich_S1_D_ CS108V_4S(01)_Bazilewich_S2_A_ CS106V_3S(02)_Bazilewich_S2_B_ CS111V_4S(01)_Bazilewich_S2_C_ PREP_Bazilewich_S2_D_ falf_4S(01)_Beckett_S1_A_ falf_4S(02)_Beckett_S1_B_ PREP_Beckett_S1_C_ Fraf_2F(01)_Beckett_S1_D_ Fraf_2F(03)_Beckett_S2_A_ falf_4S(03)_Beckett_S2_B_ Fraf_2F(04)_Beckett_S2_C_ PREP_Beckett_S2_D_ RITR_1S(05)_Bilewitch_S1_A_ RITR_1S(07)_Bilewitch_S1_B_ SOSR_1F(05)C1_Bilewitch_S1_C_ PREP_Bilewitch_S1_C_ PREP_Bilewitch_S1_D_ SOSR_1F(07)D2_Bilewitch_S1_D_ ENGR_1F(05)_Bilewitch_S2_A_ ENGR_1F(07)_Bilewitch_S2_B_ SOSR_1F(05)C1_Bilewitch_S2_C_ PREP_Bilewitch_S2_C_ PREP_Bilewitch_S2_D_ SOSR_1F(07)D2_Bilewitch_S2_D_ PREP_Boyes_S1_A_ PREP_Boyes_S1_B_ MCCR_1S(01)C1_Boyes_S1_C_ PREP_Boyes_S1_C_ PREP_Boyes_S1_D_ PREP_Boyes_S2_A_ PREP_Boyes_S2_B_ MCCR_1S(01)C1_Boyes_S2_C_ PREP_Boyes_S2_C_ PREP_Boyes_S2_D_ PREP_Buller_S1_A_ PREP_Buller_S1_B_ PREP_Buller_S1_C_ PREP_Buller_S1_D_ PREP_Buller_S2_A_ PREP_Buller_S2_B_ PREP_Buller_S2_C_ PREP_Buller_S2_D_ BMAR_4S(01)_Buskell_S1_A_ BMAR_4S(02)_Buskell_S1_B_ PREP_Buskell_S1_C_ CS107V_4S(01)_Buskell_S1_D_ BMAR_4S(03)_Buskell_S2_A_ PREP_Buskell_S2_B_ LWPR_2S(04)_Buskell_S2_C_ CS103V_2S(03)_Buskell_S2_D_ ENGC_4S(01)_Carpick_S1_A_ PREP_Carpick_S1_B_ ENGC_4S(03)_Carpick_S1_C_ ENGL_4S(04)_Carpick_S1_D_ PREP_Carpick_S2_A_ ENGC_4S(06)_Carpick_S2_B_ ENGC_4S(07)_Carpick_S2_C_ ENGL_3S(05)_Carpick_S2_D_ CHER_4S(01)_Carrington_S1_A_ PREP_Carrington_S1_B_ CHER_3S(02)_Carrington_S1_C_ CHER_3S(03)_Carrington_S1_D_ PREP_Carrington_S2_A_ CHER_4S(03)_Carrington_S2_B_ CHER_4S(04)_Carrington_S2_C_ CHER_3S(05)_Carrington_S2_D_ PHYR_3S(01)_Clifford_S1_A_ PREP_Clifford_S1_B_ PHYR_4S(01)_Clifford_S1_C_ PHYR_4S(02)_Clifford_S1_D_ SCIR_2F(04)_Clifford_S2_A_ PHYR_3S(03)_Clifford_S2_B_ PHYR_4S(03)_Clifford_S2_C_ PREP_Clifford_S2_D_ PREP_Cooper_S1_A_ ENGC_4S(02)_Cooper_S1_B_ ENGT_4S(01)_Cooper_S1_C_ ENGT_4S(02)_Cooper_S1_D_ PREP_Cooper_S2_A_ ENGT_4S(03)_Cooper_S2_B_ ENGC_4S(08)_Cooper_S2_C_ ENGC_4S(09)_Cooper_S2_D_ ESMR_4S(03)_DeGrave_S1_A_ ESMR_4S(01)_DeGrave_S1_B_ IAPR_2S(03)_DeGrave_S1_C_ PREP_DeGrave_S1_D_ ESMR_4S(04)_DeGrave_S2_A_ ESMR_4S(05)_DeGrave_S2_B_ PREP_DeGrave_S2_C_ ESMR_3S(06)_DeGrave_S2_D_ CHER_3S(01)_Dionisio_S1_A_ CHEE_4S(01)_Dionisio_S1_B_ CHER_4S(02)_Dionisio_S1_C_ PREP_Dionisio_S1_D_ PREP_Dionisio_S2_A_ CHEP_4S(01)_Dionisio_S2_B_ CHER_3S(04)_Dionisio_S2_C_ CHEE_3S(01)_Dionisio_S2_D_ D1MR_2S(01)_Dizor_S1_A_ D1MR_3S(01)_Dizor_S1_A_ D1MR_4S(01)_Dizor_S1_A_ HISR_3F(03)_Dizor_S1_B_ CMHR_4S(01)_Dizor_S1_C_ PREP_Dizor_S1_D_ D1MR_2S(02)_Dizor_S2_A_ D1MR_3S(02)_Dizor_S2_A_ D1MR_4S(02)_Dizor_S2_A_ HISR_3F(09)_Dizor_S2_B_ PREP_Dizor_S2_C_ HISR_3F(10)_Dizor_S2_D_ APMR_3S(01)_Doerksen_S1_A_ APMR_4S(01)_Doerksen_S1_B_ ESMR_4S(02)_Doerksen_S1_C_ PREP_Doerksen_S1_D_ APMR_3S(02)_Doerksen_S2_A_ APMR_4S(02)_Doerksen_S2_B_ ESMR_4S(06)_Doerksen_S2_C_ PREP_Doerksen_S2_D_ EALR_4S(01)_Dyck_S1_A_ LS1R_1F(01)_Dyck_S1_A_ LS2R_2F(01)_Dyck_S1_A_ LS3R_3F(01)_Dyck_S1_A_ ENGC_3E(01)_Dyck_S1_B_ ENGC_4E(01)_Dyck_S1_B_ ENGR_1E(01)_Dyck_S1_B_ ENGR_2E(01)_Dyck_S1_B_ PREP_Dyck_S1_C_ RITR_3S(03)D1_Dyck_S1_D_ RTHR_2S(01)_Dyck_S1_D_ RTHR_3S(01)_Dyck_S1_D_ PREP_Dyck_S1_D_ EALR_4S(02)_Dyck_S2_A_ ENGC_3E(03)_Dyck_S2_A_ LS1R_1F(02)_Dyck_S2_A_ LS2R_2F(02)_Dyck_S2_A_ ENGC_3E(02)_Dyck_S2_B_ ENGC_4E(02)_Dyck_S2_B_ ENGR_1E(02)_Dyck_S2_B_ ENGR_2E(02)_Dyck_S2_B_ PREP_Dyck_S2_C_ RITR_3S(04)D1_Dyck_S2_D_ RTHR_2S(02)_Dyck_S2_D_ RTHR_3S(02)_Dyck_S2_D_ RESR01(LEd)D2_Dyck_S2_D_ MP207V_2S(01)_Dyck-Lyons_S1_A_ PREP_Dyck-Lyons_S1_B_ MP209V_4S(98)_Dyck-Lyons_S1_C_ MP210V_3S(98)_Dyck-Lyons_S1_D_ MP211V_4S(98)_Dyck-Lyons_S2_A_ MP212V_4S(98)_Dyck-Lyons_S2_B_ PREP_Dyck-Lyons_S2_C_ MP206H_1S(03)C2_Dyck-Lyons_S2_C_ MP209V_3S(01)_Dyck-Lyons_S2_D_ RESR01(LEb)_Ellison_S1_A_ ESMR_2M(01)_Ellison_S1_B_ ESMR_3M(01)_Ellison_S1_B_ ESMR_4M(01)_Ellison_S1_B_ MATR_1M(04)_Ellison_S1_B_ ENGC_3M(01)_Ellison_S1_C_ ENGC_4M(01)_Ellison_S1_C_ ENGR_1M(04)_Ellison_S1_C_ ENGR_2M(01)_Ellison_S1_C_ CTSR_3M(01)_Ellison_S1_D_ GEOR_2M(01)_Ellison_S1_D_ GLIR_4M(01)_Ellison_S1_D_ HISR_3M(01)_Ellison_S1_D_ RESR01(LEc)_Ellison_S2_A_ ESMR_2M(01)_Ellison_S2_B_ ESMR_3M(01)_Ellison_S2_B_ ESMR_4M(01)_Ellison_S2_B_ MATR_1M(04)_Ellison_S2_B_ ENGC_3M(01)_Ellison_S2_C_ ENGC_4M(01)_Ellison_S2_C_ ENGR_1M(04)_Ellison_S2_C_ ENGR_2M(01)_Ellison_S2_C_ CTSR_3M(02)_Ellison_S2_D_ GEOR_2M(02)_Ellison_S2_D_ GLIR_4M(02)_Ellison_S2_D_ HISR_3M(02)_Ellison_S2_D_ PREP_Epp-Koop_S1_A_ PCMR_3S(02)_Epp-Koop_S1_B_ PCMR_4S(03)_Epp-Koop_S1_C_ PCMR_3S(03)_Epp-Koop_S1_D_ IAPR_2S(05)_Epp-Koop_S2_A_ IAPR_2S(06)_Epp-Koop_S2_B_ PCMR_3S(05)_Epp-Koop_S2_C_ PREP_Epp-Koop_S2_D_ CS103V_2S(01)_Esposito_S1_A_ CS103V_2S(02)_Esposito_S1_B_ CS102V_1S(01)C1_Esposito_S1_C_ CS102V_1S(02)C2_Esposito_S1_C_ PREP_Esposito_S1_D_ CS104V_3S(01)_Esposito_S2_A_ CS104V_3S(02)_Esposito_S2_B_ CS102V_1S(01)C1_Esposito_S2_C_ CS102V_1S(02)C2_Esposito_S2_C_ PREP_Esposito_S2_D_ PREP_Fast_S1_A_ SCIR_1F(11)A2_Fast_S1_A_ TRMR_1F(10)_Fast_S1_B_ SCIR_1F(10)C1_Fast_S1_C_ PREP_Fast_S1_C_ TRMR_1F(11)_Fast_S1_D_ SCIR_1F(11)A1_Fast_S2_A_ PREP_Fast_S2_A_ MATR_1F(10)_Fast_S2_B_ SCIR_1F(10)C1_Fast_S2_C_ PREP_Fast_S2_C_ MATR_1F(11)_Fast_S2_D_ RITR_1S(09)_Grywinski_S1_A_ PREP_Grywinski_S1_B_ SOSR_1F(08)B2_Grywinski_S1_B_ SOSR_1F(09)C1_Grywinski_S1_C_ PREP_Grywinski_S1_C_ RITR_1S(08)_Grywinski_S1_D_ ENGR_1F(09)_Grywinski_S2_A_ PREP_Grywinski_S2_B_ SOSR_1F(08)B2_Grywinski_S2_B_ SOSR_1F(09)C1_Grywinski_S2_C_ PREP_Grywinski_S2_C_ ENGR_1F(08)_Grywinski_S2_D_ ENGC_3S(01)_Fitkowsky_S1_A_ PREP_Fitkowsky_S1_B_ ENGR_2F(05)_Fitkowsky_S1_C_ ENGT_3S(01)_Fitkowsky_S1_D_ ENGC_3S(05)_Fitkowsky_S2_A_ PREP_Fitkowsky_S2_B_ SOSR_1F(05)C1_Fitkowsky_S2_C_ PREP_Fitkowsky_S2_C_ PREP_Fitkowsky_S2_D_ SOSR_1F(07)D2_Fitkowsky_S2_D_ MP207V_2S(98)_Fowler_S1_A_ MP208V_3S(98)_Fowler_S1_B_ PREP_Fowler_S1_C_ MP206H_1S(02)C2_Fowler_S1_C_ MP213V_4S(01)_Fowler_S1_D_ PREP_Fowler_S2_A_ MP207V_2S(02)_Fowler_S2_B_ MP213V_4S(98)_Fowler_S2_C_ MP214V_4S(98)_Fowler_S2_D_ ENGL_3S(01)_Friesen_S1_A_ ENGL_3S(02)_Friesen_S1_B_ ENGC_3S(03)_Friesen_S1_C_ PREP_Friesen_S1_D_ ENGR_2F(10)_Friesen_S2_A_ PREP_Friesen_S2_B_ ENGR_2F(12)_Friesen_S2_C_ ENGR_2F(15)_Friesen_S2_D_ SCIF_2F(01)_Friesen_S1_A_ PREP_Friesen_S1_B_ SCIF_2F(03)_Friesen_S1_C_ BIOF_3S(01)_Friesen_S1_D_ PREP_Friesen_S2_A_ SCIF_2F(04)_Friesen_S2_B_ BIOF_4S(01)_Friesen_S2_C_ BIOF_3S(02)_Friesen_S2_D_ PREP_Galvao_S1_A_ MP210V_3S(01)_Galvao_S1_B_ MP209V_4S(99)_Galvao_S1_C_ MP210V_3S(99)_Galvao_S1_D_ PREP_Galvao_S2_A_ MP211V_4S(01)_Galvao_S2_B_ MP213V_3S(99)_Galvao_S2_C_ MP214V_4S(99)_Galvao_S2_D_ PREP_Gaudreau_S1_A_ SCIR_2F(02)_Gaudreau_S1_B_ SCIS_2F(02)_Gaudreau_S1_C_ SCIS_2F(03)_Gaudreau_S1_D_ SCIS_2F(04)_Gaudreau_S2_A_ PREP_Gaudreau_S2_B_ SCIS_2F(05)_Gaudreau_S2_C_ SCIR_2F(05)_Gaudreau_S2_D_ PREP_Gebhardt_S1_A_ IAPF_2S(01)_Gebhardt_S1_B_ PCMF_3S(01)_Gebhardt_S1_C_ IAPF_2S(02)_Gebhardt_S1_D_ PCMF_4S(01)_Gebhardt_S2_A_ PCMF_3S(02)_Gebhardt_S2_B_ PREP_Gebhardt_S2_C_ IAPF_2S(03)_Gebhardt_S2_D_ PREP_Graham_S1_A_ PREP_Graham_S1_B_ PREP_Graham_S1_C_ PREP_Graham_S1_D_ PREP_Graham_S2_A_ PREP_Graham_S2_B_ PREP_Graham_S2_C_ PREP_Graham_S2_D_ SOSR_1F(10)A1_Hopko_S1_A_ PREP_Hopko_S1_A_ RITR_1S(11)_Hopko_S1_B_ PREP_Hopko_S1_C_ SOSR_1F(11)C2_Hopko_S1_C_ RITR_1S(10)_Hopko_S1_D_ SOSR_1F(10)A1_Hopko_S2_A_ PREP_Hopko_S2_A_ ENGR_1F(11)_Hopko_S2_B_ PREP_Hopko_S2_C_ SOSR_1F(11)C2_Hopko_S2_C_ ENGR_1F(10)_Hopko_S2_D_ GRAR_3G(01)_Haussler_S1_A_ GRAR_4S(01)_Haussler_S1_B_ PREP_Haussler_S1_C_ GRAR_2G(02)_Haussler_S1_D_ PREP_Haussler_S2_A_ GRAR_3G(04)_Haussler_S2_B_ GRHR_1G(03)C1_Haussler_S2_C_ DM093V_1S(02)C2_Haussler_S2_C_ GRAR_2G(04)_Haussler_S2_D_ SOSR_1F(06)A1_Johnson_S1_A_ PREP_Johnson_S1_A_ RITR_1S(04)_Johnson_S1_B_ PREP_Johnson_S1_C_ SOSR_1F(04)C2_Johnson_S1_C_ RITR_1S(06)_Johnson_S1_D_ SOSR_1F(06)A1_Johnson_S2_A_ PREP_Johnson_S2_A_ ENGR_1F(04)_Johnson_S2_B_ PREP_Johnson_S2_C_ SOSR_1F(04)C2_Johnson_S2_C_ ENGR_1F(06)_Johnson_S2_D_ PREP_Hull_S1_A_ FSTR_2S(02)_Hull_S1_B_ FSTR_4S(02)_Hull_S1_C_ FSTR_2S(01)_Hull_S1_D_ TADR_2S(01)_Hull_S2_A_ TADR_4S(01)_Hull_S2_A_ TADR_2S(02)_Hull_S2_B_ TADR_3S(01)_Hull_S2_B_ PREPC1_Hull_S2_C_ TDHR_1S(01)C2_Hull_S2_C_ FSTR_2S(03)_Hull_S2_D_ ESMR_2S(01)_Isfeld_S1_A_ ESMR_3S(01)_Isfeld_S1_B_ ESMR_2S(02)_Isfeld_S1_C_ PREP_Isfeld_S1_D_ ESMR_2S(03)_Isfeld_S2_A_ ESMR_3S(04)_Isfeld_S2_B_ ESMR_3S(05)_Isfeld_S2_C_ PREP_Isfeld_S2_D_ RITR_1S(13)_Moore_S1_A_ RITR_1S(12)_Moore_S1_B_ SOSR_1F(05)C1_Moore_S1_C_ PREP_Moore_S1_C_ PREP_Moore_S1_D_ SOSR_1F(07)D2_Moore_S1_D_ ENGR_1F(13)_Moore_S2_A_ ENGR_1F(12)_Moore_S2_B_ SOSR_1F(05)C1_Moore_S2_C_ PREP_Moore_S2_C_ PREP_Moore_S2_D_ SOSR_1F(07)D2_Moore_S2_D_ PREP_Knight_S1_A_ PREP_Knight_S1_B_ PREP_Knight_S1_C_ PREP_Knight_S1_D_ PREP_Knight_S2_A_ PREP_Knight_S2_B_ PREP_Knight_S2_C_ PREP_Knight_S2_D_ FNUR_2S(01)_Kramble_S1_A_ FNUR_2S(02)_Kramble_S1_B_ PREP_Kramble_S1_C_ PEP_Kramble_S1_D_ _Kramble_S1_D_ FNUR_2S(04)_Kramble_S2_A_ FNUR_2S(05)_Kramble_S2_B_ PREP_Kramble_S2_C_ FOHR_1S(03)C2_Kramble_S2_C_ PREP_Kramble_S2_D_ PREP_Kutcher_S1_A_ PREP_Kutcher_S1_B_ PREP_Kutcher_S1_C_ PREP_Kutcher_S1_D_ PREP_Kutcher_S2_A_ PREP_Kutcher_S2_B_ PREP_Kutcher_S2_C_ PREP_Kutcher_S2_D_ DRAR_3G(01)_Lachance_S1_A_ DRAR_2G(01)_Lachance_S1_B_ DRHR_1G(01)C1_Lachance_S1_C_ DRHR_1G(02)C2_Lachance_S1_C_ PREP_Lachance_S1_D_ DRAR_4S(01)_Lachance_S2_A_ DRAR_2G(02)_Lachance_S2_B_ DRAR_2G(03)_Lachance_S2_C_ PREP_Lachance_S2_D_ RITR_1S(14)_Neil_S1_A_ TRMR_1F(14)_Neil_S1_B_ SOSR_1F(14)C1_Neil_S1_C_ PREP_Neil_S1_C_ PREP_Neil_S1_D_ SCIR_1F(14)D2_Neil_S1_D_ ENGR_1S(14)_Neil_S2_A_ MATR_1F(14)_Neil_S2_B_ SOSR_1F(14)C1_Neil_S2_C_ PREP_Neil_S2_C_ PREP_Neil_S2_D_ SCIR_1F(14)D2_Neil_S2_D_ MP207V_2S(99)_Leduc_S1_A_ MP208V_3S(99)_Leduc_S1_B_ PREP_Leduc_S1_C_ MP208V_3S(01)_Leduc_S1_D_ MP211V_4S(99)_Leduc_S2_A_ MP212V_4S(99)_Leduc_S2_B_ MP208V_3S(02)_Leduc_S2_C_ PREP_Leduc_S2_D_ PREP_Mackintosh_S1_A_ PREP_Mackintosh_S1_B_ PREP_Mackintosh_S1_C_ PREP_Mackintosh_S1_D_ PREP_Mackintosh_S2_A_ PREP_Mackintosh_S2_B_ PREP_Mackintosh_S2_C_ PREP_Mackintosh_S2_D_ PREP_Mason_S1_A_ PREP_Mason_S1_B_ PREP_Mason_S1_C_ PREP_Mason_S1_D_ PREP_Mason_S2_A_ PREP_Mason_S2_B_ PREP_Mason_S2_C_ PREP_Mason_S2_D_ TRMF_1F(01)_McCaffrey_S1_A_ TRMF_1F(03)_McCaffrey_S1_B_ PREP_McCaffrey_S1_C_ TRMF_1F(02)_McCaffrey_S1_D_ MATF_1F(01)_McCaffrey_S2_A_ MATF_1F(02)_McCaffrey_S2_B_ PREP_McCaffrey_S2_C_ MATF_1F(03)_McCaffrey_S2_D_ RESR01(01)_McIvor_S1_A_ RESR01(02)_McIvor_S1_B_ RESR01(03)_McIvor_S1_C_ RESR01(04)_McIvor_S1_D_ PREP_McIvor_S2_A_ PREP_McIvor_S2_B_ PREP_McIvor_S2_C_ PREP_McIvor_S2_D_ PREP_Ocharuk_S1_A_ SCIR_1F(04)A2_Ocharuk_S1_A_ TRMR_1F(06)_Ocharuk_S1_B_ SCIR_1F(06)C1_Ocharuk_S1_C_ PREP_Ocharuk_S1_C_ TRMR_1F(04)_Ocharuk_S1_D_ PREP_Ocharuk_S2_A_ SCIR_1F(04)A2_Ocharuk_S2_A_ MATR_1F(06)_Ocharuk_S2_B_ SCIR_1F(06)C1_Ocharuk_S2_C_ PREP_Ocharuk_S2_C_ MATR_1F(04)_Ocharuk_S2_D_ LWPR_2S(01)_Moskal_S1_A_ PREP_Moskal_S1_B_ LWPR_2S(06)_Moskal_S1_C_ GEOR_2F(05)_Moskal_S1_D_ LWPR_2S(05)_Moskal_S2_A_ GLIR_4S(01)_Moskal_S2_B_ PREP_Moskal_S2_C_ CTIR_4S(01)_Moskal_S2_D_ PCMR_3S(01)_Mytopher_S1_A_ PCMR_4S(02)_Mytopher_S1_B_ PREP_Mytopher_S1_C_ PCMR_4S(04)_Mytopher_S1_D_ PCME_4S(02)_Mytopher_S2_A_ PCMR_3S(04)_Mytopher_S2_B_ PREP_Mytopher_S2_C_ PCMR_4S(05)_Mytopher_S2_D_ TRMR_1F(12)_Pachkowsky_S1_A_ PREP_Pachkowsky_S1_B_ SCIR_1F(13)B2_Pachkowsky_S1_B_ SCIR_1F(12)C1_Pachkowsky_S1_C_ PREP_Pachkowsky_S1_C_ TRMR_1F(13)_Pachkowsky_S1_D_ MATR_1F(12)_Pachkowsky_S2_A_ PREP_Pachkowsky_S2_B_ SCIR_1F(13)B2_Pachkowsky_S2_B_ SCIR_1F(12)C1_Pachkowsky_S2_C_ PREP_Pachkowsky_S2_C_ MATR_1F(13)_Pachkowsky_S2_D_ IAPR_2S(01)_Neufeld_S1_A_ IAPR_2S(02)_Neufeld_S1_B_ ESMR_3S(02)_Neufeld_S1_C_ PREP_Neufeld_S1_D_ ESMR_3S(03)_Neufeld_S2_A_ ESMR_2S(04)_Neufeld_S2_B_ ESMR_2S(05)_Neufeld_S2_C_ PREP_Neufeld_S2_D_ PREP_Nichol_S1_A_ ENGC_3S(02)_Nichol_S1_B_ ENGR_2F(06)_Nichol_S1_C_ ENGR_2F(08)_Nichol_S1_D_ ENGC_3S(04)_Nichol_S2_A_ ENGC_3S(06)_Nichol_S2_B_ ENGR_2F(13)_Nichol_S2_C_ PREP_Nichol_S2_D_ PHER_1F(11)A1_Queijo_S1_A_ PHER_1F(10)A2_Queijo_S1_A_ PHER_1F(13)B1_Queijo_S1_B_ PREP_Queijo_S1_B_ PHER_4F(04)C1_Queijo_S1_C_ PHER_4F(05)C2_Queijo_S1_C_ PREP_Queijo_S1_D_ PHER_1F(09)D2_Queijo_S1_D_ PHER_1F(11)A1_Queijo_S2_A_ PHER_1F(10)A2_Queijo_S2_A_ PHER_1F(13)B1_Queijo_S2_B_ PREP_Queijo_S2_B_ PHER_4F(09)C1_Queijo_S2_C_ PHER_4F(10)C2_Queijo_S2_C_ PREP_Queijo_S2_D_ PHER_1F(09)D2_Queijo_S2_D_ PHER_2F(01)_Esselmont_S1_A_ PHER_2F(02)_Esselmont_S1_B_ PREP_Esselmont_S1_C_ PHEW_2F(01)D1_Esselmont_S1_D_ PHEW_3F(01)D2_Esselmont_S1_D_ PHEW_4F(01)D2_Esselmont_S1_D_ PHER_2F(07)_Esselmont_S2_A_ PHER_2F(08)_Esselmont_S2_B_ PREP_Esselmont_S2_C_ PHEW_2F(01)D1_Esselmont_S2_D_ PHEW_3F(01)D2_Esselmont_S2_D_ PHEW_4F(01)D2_Esselmont_S2_D_ GEOF_2F(01)_Pereira_S1_A_ SCIF_1F(01)_Pereira_S1_B_ PREP_Pereira_S1_C_ GEOF_2F(02)_Pereira_S1_D_ SCIF_1F(03)_Pereira_S2_A_ GEOF_2F(03)_Pereira_S2_B_ GEOF_2F(04)_Pereira_S2_C_ PREP_Pereira_S2_D_ POMR_3G(01)_Perreault_S1_A_ POMR_2G(01)_Perreault_S1_B_ PREPC1_Perreault_S1_C_ PMHR_1G(02)C2_Perreault_S1_C_ PMOR_2G(02)_Perreault_S1_D_ POMR_2G(03)_Perreault_S2_A_ POMR_4S(01)_Perreault_S2_B_ PMHR_1G(03)C1_Perreault_S2_C_ PREP_Perreault_S2_C_ POMR_2G(03)_Perreault_S2_D_ HISR_3F(01)_Petri_S1_A_ HISR_3F(02)_Petri_S1_B_ PREP_Petri_S1_C_ GEOR_2F(06)_Petri_S1_D_ GEOR_2F(07)_Petri_S2_A_ HISR_3S(11)_Petri_S2_B_ PREP_Petri_S2_C_ HISR_4S(01)_Petri_S2_D_ PREP_Petryshyn_S1_A_ GEOR_2F(03)_Petryshyn_S1_B_ HISR_3F(04)_Petryshyn_S1_C_ HISR_3F(05)_Petryshyn_S1_D_ HISR_3F(07)_Petryshyn_S2_A_ PREP_Petryshyn_S2_B_ HISR_3F(08)_Petryshyn_S2_C_ GEOR_2F(10)_Petryshyn_S2_D_ GEOR_2F(01)_Prociuk_S1_A_ PREP_Prociuk_S1_B_ GEOR_2F(04)_Prociuk_S1_C_ HISR_3F(06)_Prociuk_S1_D_ PSYR_4S(03)_Prociuk_S2_A_ GEOR_2F(08)_Prociuk_S2_B_ PSYR_4S(04)_Prociuk_S2_C_ PREP_Prociuk_S2_D_ AESR_3S(01)_Pura_S1_A_ LWPR_2S(02)_Pura_S1_B_ RTPR_3S(01)_Pura_S1_C_ PREP_Pura_S1_D_ AESR_3S(02)_Pura_S2_A_ LWPR_2S(03)_Pura_S2_B_ PREP_Pura_S2_C_ ASYR_4S(01)_Pura_S2_D_ PREP_Larveld_S1_A_ PHER_2F(03)_Larveld_S1_B_ PHER_3F(03)C1_Larveld_S1_C_ PHER_3F(04)C2_Larveld_S1_C_ PHER_2F(06)_Larveld_S1_D_ PHER_3F(07)A2_Larveld_S2_A_ PREP_Larveld_S2_A_ PHER_2F(09)_Larveld_S2_B_ PHER_3F(09)C1_Larveld_S2_C_ PHER_3F(10)C2_Larveld_S2_C_ PHER_3F(11)D1_Larveld_S2_D_ PREP_Larveld_S2_D_ PCMR_4S(01)_Ramos_S1_A_ PREP_Ramos_S1_B_ ADME_4S(01)_Ramos_S1_C_ PCME_4S(01)_Ramos_S1_D_ ADME_4S(02)_Ramos_S2_A_ PREP_Ramos_S2_B_ AM2R_4S(01)_Ramos_S2_C_ ICAR_4S(01)_Ramos_S2_D_ COSR_3S(01)_RempelSmith_S1_A_ PREP_RempelSmith_S1_B_ DM096V_3S(97)_RempelSmith_S1_C_ DM097V_3S(97)_RempelSmith_S1_D_ COSR_4S(01)_RempelSmith_S2_A_ PREP_RempelSmith_S2_B_ DM094V_2S(02)_RempelSmith_S2_C_ DM097V_3S(01)_RempelSmith_S2_D_ DM099V_4S(01)_RempelSmith_S2_D_ ELER_2G(01)_Ridgedale_S1_A_ ELER_3G(01)_Ridgedale_S1_B_ ELER_4S(01)_Ridgedale_S1_B_ PREP_Ridgedale_S1_C_ ELHR_1G(01)C2_Ridgedale_S1_C_ PREP_Ridgedale_S1_D_ ELER_2G(02)_Ridgedale_S2_A_ ELER_3G(02)_Ridgedale_S2_B_ ELER_4S(02)_Ridgedale_S2_B_ ELHR_1G(02)C1_Ridgedale_S2_C_ ELHR_1G(03)C2_Ridgedale_S2_C_ PREP_Ridgedale_S2_D_ SCIR_2F(01)_Robak_S1_A_ BIOR_4S(01)_Robak_S1_B_ PREP_Robak_S1_C_ BIOR_3S(03)_Robak_S1_D_ PREP_Robak_S2_A_ CTSE_3S(01)_Robak_S2_B_ BIOR_4S(02)_Robak_S2_C_ BIOR_4S(03)_Robak_S2_D_ PHER_3F(01)A1_Swirsky_S1_A_ PHER_4F(01)A2_Swirsky_S1_A_ PHER_4F(03)B1_Swirsky_S1_B_ PREP_Swirsky_S1_B_ PHER_2F(04)_Swirsky_S1_C_ PREP_Swirsky_S1_D_ PHER_3F(05)D2_Swirsky_S1_D_ PHER_3F(06)A1_Swirsky_S2_A_ PHER_4F(07)A2_Swirsky_S2_A_ PREP_Swirsky_S2_B_ PHER_2F(10)_Swirsky_S2_C_ PHER_2F(12)_Swirsky_S2_D_ PREP_Sankovic_S1_A_ BIOR_3S(01)_Sankovic_S1_B_ BIOE_4S(01)_Sankovic_S1_C_ BIOE_4S(02)_Sankovic_S1_D_ PREP_Sankovic_S2_A_ CTSR_3S(01)_Sankovic_S2_B_ BIOP_4S(01)_Sankovic_S2_C_ BIOP_4S(02)_Sankovic_S2_D_ PREP_Sawchuk_S1_A_ PREP_Sawchuk_S1_B_ PREP_Sawchuk_S1_C_ PREP_Sawchuk_S1_D_ PREP_Sawchuk_S2_A_ PREP_Sawchuk_S2_B_ PREP_Sawchuk_S2_C_ PREP_Sawchuk_S2_D_ PREP_Seidel_S1_A_ GEOR_2F(02)_Seidel_S1_B_ SOCY_3G(02)_Seidel_S1_C_ SOCY_3G(01)_Seidel_S1_D_ SOCY_3G(03)_Seidel_S2_A_ PREP_Seidel_S2_B_ GEOR_2F(09)_Seidel_S2_C_ GEOR_2F(11)_Seidel_S2_D_ GRAR_3G(02)_Shewchuk_S1_A_ GRAR_4S(02)_Shewchuk_S1_B_ MP206H_1S(01)C1_Shewchuk_S1_C_ PREP_Shewchuk_S1_C_ GRAR_2G(01)_Shewchuk_S1_D_ GRAR_4S(03)_Shewchuk_S2_A_ PREP_Shewchuk_S2_B_ GRHR_1G(02)C1_Shewchuk_S2_C_ DM093V_1S(03)C2_Shewchuk_S2_C_ GRAR_2G(03)_Shewchuk_S2_D_ PREP_Silver_S1_A_ PREP_Silver_S1_B_ MU2H_1S(01)C1_Silver_S1_C_ PREP_Silver_S1_C_ PREP_Silver_S1_D_ PREP_Silver_S2_A_ PREP_Silver_S2_B_ PREP_Silver_S2_C_ MU2H_1S(02)C2_Silver_S2_C_ PREP_Silver_S2_D_ PREP_Sinclair_S1_A_ PREP_Sinclair_S1_B_ PREP_Sinclair_S1_C_ PREP_Sinclair_S1_D_ PREP_Sinclair_S2_A_ PREP_Sinclair_S2_B_ PREP_Sinclair_S2_C_ PREP_Sinclair_S2_D_ ENGR_2F(01)_Sinosich_S1_A_ ENGR_2F(03)_Sinosich_S1_B_ ENGR_2F(07)_Sinosich_S1_C_ PREP_Sinosich_S1_D_ PREP_Sinosich_S2_A_ ENGR_2F(11)_Sinosich_S2_B_ ENGC_3S(07)_Sinosich_S2_C_ ENGR_2F(16)_Sinosich_S2_D_ PREP_Slavicek_S1_A_ DM095V_3S(01)_Slavicek_S1_B_ DM098V_4S(01)_Slavicek_S1_B_ DM093H_1S(01)C1_Slavicek_S1_C_ GRHR_1G(01)C2_Slavicek_S1_C_ DM094V_2S(01)_Slavicek_S1_D_ DM098V_4S(97)_Slavicek_S2_A_ DM099V_4S(97)_Slavicek_S2_B_ DM096V_3S(01)_Slavicek_S2_C_ PREP_Slavicek_S2_D_ PREP_Slivinski_S1_A_ SCIE_2F(01)_Slivinski_S1_B_ SCIR_2F(03)_Slivinski_S1_C_ ESMR_2S(R1)_Slivinski_S1_D_ PREP_Slivinski_S2_A_ SCIE_2F(03)_Slivinski_S2_B_ SCIR_2F(R1)_Slivinski_S2_C_ ESMR_2S(R2)_Slivinski_S2_D_ ENGL_4S(01)_Stacey_S1_A_ ENGL_4S(03)_Stacey_S1_B_ ENGL_3S(03)_Stacey_S1_C_ PREP_Stacey_S1_D_ ENGC_4S(05)_Stacey_S2_A_ ENGL_3S(04)_Stacey_S2_B_ PREP_Stacey_S2_C_ ENLE_4S(01)_Stacey_S2_D_ PREP_Steeves_S1_A_ PHEF_3F(01)B1_Steeves_S1_B_ PHEF_4F(01)B2_Steeves_S1_B_ PHEF_1F(02)C1_Steeves_S1_C_ PHEF_1F(01)C2_Steeves_S1_C_ PHEF_2F(01)_Steeves_S1_D_ PREP_Steeves_S2_A_ PHEF_3F(02)B1_Steeves_S2_B_ PHEF_4F(02)B2_Steeves_S2_B_ PHEF_1F(02)C1_Steeves_S2_C_ PHEF_1F(01)C2_Steeves_S2_C_ PHEF_2F(03)_Steeves_S2_D_ PSYR_4S(01)_Stein_S1_A_ PREP_Stein_S1_B_ PSYR_4S(02)_Stein_S1_C_ LAWR_4S(01)_Stein_S1_D_ LAWR_4S(02)_Stein_S2_A_ PSYR_4S(05)_Stein_S2_B_ PREP_Stein_S2_C_ LAWR_4S(03)_Stein_S2_D_ DANR_3S(01)_Suban_S1_A_ PREP_Suban_S1_B_ DNHB_1S(01)C1_Suban_S1_C_ DNHB_1S(02)C2_Suban_S1_C_ DANR_2S(01)_Suban_S1_D_ DANR_2S(03)_Suban_S2_A_ PREP_Suban_S2_B_ DNHB_1S(03)C1_Suban_S2_C_ DNHB_1S(04)C2_Suban_S2_C_ DANR_3S(03)_Suban_S2_D_ WOOR_2G(01)_Sudermann_S1_A_ WOOR_3G(01)_Sudermann_S1_B_ WOHR_1G(01)C1_Sudermann_S1_C_ WOHR_1G(02)C2_Sudermann_S1_C_ PREP_Sudermann_S1_D_ WOOR_3G(02)_Sudermann_S2_A_ WOOR_4S(01)_Sudermann_S2_A_ WOOR_2G(02)_Sudermann_S2_B_ PREP_Sudermann_S2_C_ WOHR_1G(03)C2_Sudermann_S2_C_ PREP_Sudermann_S2_D_ TRMR_1F(07)_Russell_S1_A_ SCIR_1F(05)B1_Russell_S1_B_ PREP_Russell_S1_B_ PREP_Russell_S1_C_ SCIR_1F(07)C2_Russell_S1_C_ TRMR_1F(05)_Russell_S1_D_ MATR_1F(07)_Russell_S2_A_ SCIR_1F(05)B1_Russell_S2_B_ PREP_Russell_S2_B_ PREP_Russell_S2_C_ SCIR_1F(07)C2_Russell_S2_C_ MATR_1F(05)_Russell_S2_D_ FNUR_3S(01)_Tao_S1_A_ FNUR_3S(02)_Tao_S1_B_ FOHR_1S(01)C1_Tao_S1_C_ PREP_Tao_S1_C_ FNUR_4S(01)_Tao_S1_D_ FNUR_2S(03)_Tao_S2_A_ FNUR_3S(03)_Tao_S2_B_ FOHR_1S(02)C1_Tao_S2_C_ PREP_Tao_S2_C_ FNUR_4S(02)_Tao_S2_D_ SCIF_1F(02)_TEACHERV_S1_A_ SCIF_2F(02)_TEACHERV_S1_B_ Fraf_2F(02)_TEACHERV_S1_C_ PREP_TEACHERV_S1_D_ _TEACHERV_S2_A_ _TEACHERV_S2_B_ _TEACHERV_S2_C_ _TEACHERV_S2_D_ HISF_3F(01)_TeacherX_S1_A_ HISF_3F(02)_TeacherX_S1_B_ PREP_TeacherX_S1_C_ SCHF_1F(03)_TeacherX_S1_D_ PREP_TeacherX_S2_A_ SCHF_1F(01)_TeacherX_S2_B_ HISF_3F(03)_TeacherX_S2_C_ SCHF_1F(02)_TeacherX_S2_D_ ENGW_4S(01)A1_TeacherY_S1_A_ ENGW_3S(01)A2_TeacherY_S1_A_ HISW_3S(01)B1_TeacherY_S1_B_ GLIW_4S(01)B2_TeacherY_S1_B_ ENGW_2F(01)C1_TeacherY_S1_C_ PREPC2_TeacherY_S1_C_ PEP-Option_3(01)D1_TeacherY_S1_D_ PHEW_3F(01)D2_TeacherY_S1_D_ _TeacherY_S1_D_ ENGW_4S(01)A1_TeacherY_S2_A_ ENGW_3S(01)A2_TeacherY_S2_A_ HISW_3S(01)B1_TeacherY_S2_B_ GLIW_4S(01)B2_TeacherY_S2_B_ ENGW_2F(01)C1_TeacherY_S2_C_ PREPC2_TeacherY_S2_C_ PEP-Option_3(01)D1_TeacherY_S2_D_ PE_TeacherY_S2_D_ Support_TeacherY_S2_D_ D2_TeacherY_S2_D_ _TeacherY_S2_D_ ESMW_3S(01)A1_TeacherZ_S1_A_ ESMW_4S(01)A2_TeacherZ_S1_A_ INSW_4S(01)B1_TeacherZ_S1_B_ CTSW_3S(01)B2_TeacherZ_S1_B_ PEP-Option_3(02)C1_TeacherZ_S1_C_ ESMW_2S(01)C2_TeacherZ_S1_C_ PREPD1_TeacherZ_S1_D_ PHEW_4F(01)D2_TeacherZ_S1_D_ ESMW_3S(01)A1_TeacherZ_S2_A_ ESMW_4S(01)A2_TeacherZ_S2_A_ INSW_4S(01)B1_TeacherZ_S2_B_ CTSW_3S(01)B2_TeacherZ_S2_B_ PEP-Option_3(02)C1_TeacherZ_S2_C_ ESMW_2S(01)C2_TeacherZ_S2_C_ PREPD1_TeacherZ_S2_D_ PE_TeacherZ_S2_D_ Support_TeacherZ_S2_D_ D2_TeacherZ_S2_D_ LWPR_2S(WE)A1_Thwaites_S1_A_ SCIW_2F(01)A2_Thwaites_S1_A_ PEP-Option_2(01)_Thwaites_S1_B_ PrepC1_Thwaites_S1_C_ _Thwaites_S1_C_ LWBR_3S(01)C2_Thwaites_S1_C_ PHEW_2F(01)D1_Thwaites_S1_D_ GEOW_2S(01)D2_Thwaites_S1_D_ LWPR_2S(WE)A1_Thwaites_S2_A_ SCIW_2F(01)A2_Thwaites_S2_A_ PEP-Option_2(01)_Thwaites_S2_B_ PrepC1_Thwaites_S2_C_ _Thwaites_S2_C_ LWBR_3S(01)C2_Thwaites_S2_C_ LWTF_4S(01)D1_Thwaites_S2_D_ GEOW_2S(01)D2_Thwaites_S2_D_ PREP_Trethart_S1_A_ INSR_4S(01)_Trethart_S1_B_ ECPR_4S(01)_Trethart_S1_C_ BIOR_3S(02)_Trethart_S1_D_ BIOR_3S(04)_Trethart_S2_A_ BIOR_3S(05)_Trethart_S2_B_ BIOR_3S(06)_Trethart_S2_C_ PREP_Trethart_S2_D_ PH1P_4S(01)_Truderung_S1_A_ PHYE_3S(01)_Truderung_S1_B_ PREP_Truderung_S1_C_ PHYR_3S(02)_Truderung_S1_D_ PREP_Truderung_S2_A_ PHYE_4S(01)_Truderung_S2_B_ PHYR_3S(04)_Truderung_S2_C_ PHYR_4S(04)_Truderung_S2_D_ FILF_1F(03)_Villa_S1_A_ ENGF_1F(02)_Villa_S1_B_ PREP_Villa_S1_C_ FILF_1F(01)_Villa_S1_D_ FILF_1F(02)_Villa_S2_A_ ENGF_1F(03)_Villa_S2_B_ PREP_Villa_S2_C_ ENGF_1F(01)_Villa_S2_D_ FSTR_3S(01)_Waller_S1_A_ FSTR_4S(02)_Waller_S1_B_ FSTR_3S(02)_Waller_S1_C_ PREP_Waller_S1_D_ FSTR_3S(03)_Waller_S2_A_ PREP_Waller_S2_B_ FSTR_4S(03)_Waller_S2_C_ FSTR_4S(04)_Waller_S2_D_ ENGC_3M(04)A1_Wesley_S1_A_ ENGC_4M(02)_Wesley_S1_A_ ENGR_2M(03)_Wesley_S1_A_ ESMR_2M(04)A2_Wesley_S1_A_ ESMR_3M(03)_Wesley_S1_A_ ESMR_4M(02)_Wesley_S1_A_ MATR_1M(05)_Wesley_S1_A_ RESR01(05)_Wesley_S1_B_ LWPR_2M(01)C1_Wesley_S1_C_ PREP_Wesley_S1_C_ PREP_Wesley_S1_D_ LWER_1M(02)D2_Wesley_S1_D_ LWPR_2M(02)_Wesley_S1_D_ PREP_Wesley_S2_A_ PREP_Wesley_S2_B_ PREP_Wesley_S2_C_ PREP_Wesley_S2_D_ PHER_1F(04)A1_Witzke_S1_A_ PHER_1F(06)A2_Witzke_S1_A_ PHER_1F(08)B1_Witzke_S1_B_ PHER_3F(02)B2_Witzke_S1_B_ PREP_Witzke_S1_C_ PHER_1F(07)D1_Witzke_S1_D_ PHER_1F(12)D2_Witzke_S1_D_ PHER_1F(04)A1_Witzke_S2_A_ PHER_1F(06)A2_Witzke_S2_A_ PHER_1F(08)B1_Witzke_S2_B_ PHER_3F(08)B2_Witzke_S2_B_ PREP_Witzke_S2_C_ PHER_1F(07)D1_Witzke_S2_D_ PHER_1F(12)D2_Witzke_S2_D_ LWPR_2S(WE)A1_Wright_S1_A_ SCIW_2F(01)A2_Wright_S1_A_ PEP-Option_2(01)_Wright_S1_B_ PrepC1_Wright_S1_C_ _Wright_S1_C_ LWBR_3S(01)C2_Wright_S1_C_ PHEW_2F(01)D1_Wright_S1_D_ GEOW_2S(01)D2_Wright_S1_D_ LWPR_2S(WE)A1_Wright_S2_A_ SCIW_2F(01)A2_Wright_S2_A_ PEP-Option_2(01)_Wright_S2_B_ PrepC1_Wright_S2_C_ _Wright_S2_C_ LWBR_3S(01)C2_Wright_S2_C_ LWTF_4S(01)D1_Wright_S2_D_ GEOW_2S(01)D2_Wright_S2_D_ IAPE_2S(01)_Yosyk_S1_A_ PREP_Yosyk_S1_B_ PCME_3S(01)_Yosyk_S1_C_ IAPR_2S(04)_Yosyk_S1_D_ PCME_3S(02)_Yosyk_S2_A_ PREP_Yosyk_S2_B_ IAPR_2S(07)_Yosyk_S2_C_ IAPR_2S(08)_Yosyk_S2_D_ TRMR_1F(08)_Zhao_S1_A_ TRMR_1F(09)_Zhao_S1_B_ PREP_Zhao_S1_C_ SCIR_1F(08)C2_Zhao_S1_C_ SCIR_1F(09)D1_Zhao_S1_D_ PREP_Zhao_S1_D_ MATR_1F(08)_Zhao_S2_A_ MATR_1F(09)_Zhao_S2_B_ PREP_Zhao_S2_C_ SCIR_1F(08)C2_Zhao_S2_C_ SCIR_1F(09)D1_Zhao_S2_D_ PREP_Zhao_S2_D_ ENGL_4S(02)_Zurbuchen_S1_A_ PREP_Zurbuchen_S1_B_ ENGC_4S(04)_Zurbuchen_S1_C_ ENGL_3S(06)_Zurbuchen_S1_D_ ENGL_4S(05)_Zurbuchen_S2_A_ ENGR_2F(09)_Zurbuchen_S2_B_ PREP_Zurbuchen_S2_C_ CHER_3S(06)_Zurbuchen_S2_D_ _ZZPLACEHOLDER_S1_A_ _ZZPLACEHOLDER_S1_B_ _ZZPLACEHOLDER_S1_C_ _ZZPLACEHOLDER_S1_D_ _ZZPLACEHOLDER_S2_A_ _ZZPLACEHOLDER_S2_B_ _ZZPLACEHOLDER_S2_C_ _ZZPLACEHOLDER_S2_D_ | V2: zzz | W2: =TRIM(CLEAN(SUBSTITUTE(U2, "PREP", ""))) -> ENGR_2F(02)_Alfaro_S1_A_ ENGR_2F(04)_Alfaro_S1_B_ PHEF_1F(02)C1_Alfaro_S1_C_ PHEF_1F(01)C2_Alfaro_S1_C_ _Alfaro_S1_D_ PHEF_2F(02)_Alfaro_S2_A_ ENGR_2F(R1)_Alfaro_S2_B_ PHEF_1F(02)C1_Alfaro_S2_C_ PHEF_1F(01)C2_Alfaro_S2_C_ _Alfaro_S2_D_ _Alford_S1_A_ _Alford_S1_B_ _Alford_S1_C_ _Alford_S1_D_ _Alford_S2_A_ _Alford_S2_B_ _Alford_S2_C_ _Alford_S2_D_ DM094V_2S(97)_Alibudbud_S1_A_ DM095V_3S(97)_Alibudbud_S1_B_ DM100V_4S(01)_Alibudbud_S1_C_ MP212V_4S(01)_Alibudbud_S1_C_ _Alibudbud_S1_D_ DM101V_4S(01)_Alibudbud_S2_A_ MP214V_4S(01)_Alibudbud_S2_A_ _Alibudbud_S2_B_ DM100V_4S(97)_Alibudbud_S2_C_ DM101V_4S(97)_Alibudbud_S2_D_ _Anastasiadis_S1_A_ _Anastasiadis_S1_B_ _Anastasiadis_S1_C_ _Anastasiadis_S1_D_ _Anastasiadis_S2_A_ _Anastasiadis_S2_B_ _Anastasiadis_S2_C_ _Anastasiadis_S2_D_ MAPF_3S(01)_Anis_S1_A_ _Anis_S1_B_ falf_3S(01)_Anis_S1_C_ PSYF_4S(01)_Anis_S1_D_ falf_3S(02)_Anis_S2_A_ _Anis_S2_B_ falf_3S(03)_Anis_S2_C_ MAPF_4S(01)_Anis_S2_D_ _Athayde_S1_A_ SCIS_2F(01)_Athayde_S1_B_ _Athayde_S1_C_ DANR_4S(01)_Athayde_S1_D_ _Athayde_S2_A_ DANR_2S(02)_Athayde_S2_B_ _Athayde_S2_C_ DANR_4S(02)_Athayde_S2_D_ _Bara_S1_A_ _Bara_S1_B_ _Bara_S1_C_ _Bara_S1_D_ _Bara_S2_A_ _Bara_S2_B_ _Bara_S2_C_ _Bara_S2_D_ PHER_4F(02)A1_Barnych_S1_A_ _Barnych_S1_A_ _Barnych_S1_B_ PHER_1F(05)B2_Barnych_S1_B_ PHER_2F(05)_Barnych_S1_C_ PHER_1F(14)D1_Barnych_S1_D_ PHER_4F(06)D2_Barnych_S1_D_ _Barnych_S2_A_ PHER_4F(08)B1_Barnych_S2_B_ PHER_1F(05)B2_Barnych_S2_B_ PHER_2F(11)_Barnych_S2_C_ PHER_1F(14)D1_Barnych_S2_D_ PHER_4F(11)D2_Barnych_S2_D_ CS109V_4S(01)_Bazilewich_S1_A_ CS105V_3S(01)_Bazilewich_S1_B_ CS106V_3S(01)_Bazilewich_S1_C_ _Bazilewich_S1_D_ CS108V_4S(01)_Bazilewich_S2_A_ CS106V_3S(02)_Bazilewich_S2_B_ CS111V_4S(01)_Bazilewich_S2_C_ _Bazilewich_S2_D_ falf_4S(01)_Beckett_S1_A_ falf_4S(02)_Beckett_S1_B_ _Beckett_S1_C_ Fraf_2F(01)_Beckett_S1_D_ Fraf_2F(03)_Beckett_S2_A_ falf_4S(03)_Beckett_S2_B_ Fraf_2F(04)_Beckett_S2_C_ _Beckett_S2_D_ RITR_1S(05)_Bilewitch_S1_A_ RITR_1S(07)_Bilewitch_S1_B_ SOSR_1F(05)C1_Bilewitch_S1_C_ _Bilewitch_S1_C_ _Bilewitch_S1_D_ SOSR_1F(07)D2_Bilewitch_S1_D_ ENGR_1F(05)_Bilewitch_S2_A_ ENGR_1F(07)_Bilewitch_S2_B_ SOSR_1F(05)C1_Bilewitch_S2_C_ _Bilewitch_S2_C_ _Bilewitch_S2_D_ SOSR_1F(07)D2_Bilewitch_S2_D_ _Boyes_S1_A_ _Boyes_S1_B_ MCCR_1S(01)C1_Boyes_S1_C_ _Boyes_S1_C_ _Boyes_S1_D_ _Boyes_S2_A_ _Boyes_S2_B_ MCCR_1S(01)C1_Boyes_S2_C_ _Boyes_S2_C_ _Boyes_S2_D_ _Buller_S1_A_ _Buller_S1_B_ _Buller_S1_C_ _Buller_S1_D_ _Buller_S2_A_ _Buller_S2_B_ _Buller_S2_C_ _Buller_S2_D_ BMAR_4S(01)_Buskell_S1_A_ BMAR_4S(02)_Buskell_S1_B_ _Buskell_S1_C_ CS107V_4S(01)_Buskell_S1_D_ BMAR_4S(03)_Buskell_S2_A_ _Buskell_S2_B_ LWPR_2S(04)_Buskell_S2_C_ CS103V_2S(03)_Buskell_S2_D_ ENGC_4S(01)_Carpick_S1_A_ _Carpick_S1_B_ ENGC_4S(03)_Carpick_S1_C_ ENGL_4S(04)_Carpick_S1_D_ _Carpick_S2_A_ ENGC_4S(06)_Carpick_S2_B_ ENGC_4S(07)_Carpick_S2_C_ ENGL_3S(05)_Carpick_S2_D_ CHER_4S(01)_Carrington_S1_A_ _Carrington_S1_B_ CHER_3S(02)_Carrington_S1_C_ CHER_3S(03)_Carrington_S1_D_ _Carrington_S2_A_ CHER_4S(03)_Carrington_S2_B_ CHER_4S(04)_Carrington_S2_C_ CHER_3S(05)_Carrington_S2_D_ PHYR_3S(01)_Clifford_S1_A_ _Clifford_S1_B_ PHYR_4S(01)_Clifford_S1_C_ PHYR_4S(02)_Clifford_S1_D_ SCIR_2F(04)_Clifford_S2_A_ PHYR_3S(03)_Clifford_S2_B_ PHYR_4S(03)_Clifford_S2_C_ _Clifford_S2_D_ _Cooper_S1_A_ ENGC_4S(02)_Cooper_S1_B_ ENGT_4S(01)_Cooper_S1_C_ ENGT_4S(02)_Cooper_S1_D_ _Cooper_S2_A_ ENGT_4S(03)_Cooper_S2_B_ ENGC_4S(08)_Cooper_S2_C_ ENGC_4S(09)_Cooper_S2_D_ ESMR_4S(03)_DeGrave_S1_A_ ESMR_4S(01)_DeGrave_S1_B_ IAPR_2S(03)_DeGrave_S1_C_ _DeGrave_S1_D_ ESMR_4S(04)_DeGrave_S2_A_ ESMR_4S(05)_DeGrave_S2_B_ _DeGrave_S2_C_ ESMR_3S(06)_DeGrave_S2_D_ CHER_3S(01)_Dionisio_S1_A_ CHEE_4S(01)_Dionisio_S1_B_ CHER_4S(02)_Dionisio_S1_C_ _Dionisio_S1_D_ _Dionisio_S2_A_ CHEP_4S(01)_Dionisio_S2_B_ CHER_3S(04)_Dionisio_S2_C_ CHEE_3S(01)_Dionisio_S2_D_ D1MR_2S(01)_Dizor_S1_A_ D1MR_3S(01)_Dizor_S1_A_ D1MR_4S(01)_Dizor_S1_A_ HISR_3F(03)_Dizor_S1_B_ CMHR_4S(01)_Dizor_S1_C_ _Dizor_S1_D_ D1MR_2S(02)_Dizor_S2_A_ D1MR_3S(02)_Dizor_S2_A_ D1MR_4S(02)_Dizor_S2_A_ HISR_3F(09)_Dizor_S2_B_ _Dizor_S2_C_ HISR_3F(10)_Dizor_S2_D_ APMR_3S(01)_Doerksen_S1_A_ APMR_4S(01)_Doerksen_S1_B_ ESMR_4S(02)_Doerksen_S1_C_ _Doerksen_S1_D_ APMR_3S(02)_Doerksen_S2_A_ APMR_4S(02)_Doerksen_S2_B_ ESMR_4S(06)_Doerksen_S2_C_ _Doerksen_S2_D_ EALR_4S(01)_Dyck_S1_A_ LS1R_1F(01)_Dyck_S1_A_ LS2R_2F(01)_Dyck_S1_A_ LS3R_3F(01)_Dyck_S1_A_ ENGC_3E(01)_Dyck_S1_B_ ENGC_4E(01)_Dyck_S1_B_ ENGR_1E(01)_Dyck_S1_B_ ENGR_2E(01)_Dyck_S1_B_ _Dyck_S1_C_ RITR_3S(03)D1_Dyck_S1_D_ RTHR_2S(01)_Dyck_S1_D_ RTHR_3S(01)_Dyck_S1_D_ _Dyck_S1_D_ EALR_4S(02)_Dyck_S2_A_ ENGC_3E(03)_Dyck_S2_A_ LS1R_1F(02)_Dyck_S2_A_ LS2R_2F(02)_Dyck_S2_A_ ENGC_3E(02)_Dyck_S2_B_ ENGC_4E(02)_Dyck_S2_B_ ENGR_1E(02)_Dyck_S2_B_ ENGR_2E(02)_Dyck_S2_B_ _Dyck_S2_C_ RITR_3S(04)D1_Dyck_S2_D_ RTHR_2S(02)_Dyck_S2_D_ RTHR_3S(02)_Dyck_S2_D_ RESR01(LEd)D2_Dyck_S2_D_ MP207V_2S(01)_Dyck-Lyons_S1_A_ _Dyck-Lyons_S1_B_ MP209V_4S(98)_Dyck-Lyons_S1_C_ MP210V_3S(98)_Dyck-Lyons_S1_D_ MP211V_4S(98)_Dyck-Lyons_S2_A_ MP212V_4S(98)_Dyck-Lyons_S2_B_ _Dyck-Lyons_S2_C_ MP206H_1S(03)C2_Dyck-Lyons_S2_C_ MP209V_3S(01)_Dyck-Lyons_S2_D_ RESR01(LEb)_Ellison_S1_A_ ESMR_2M(01)_Ellison_S1_B_ ESMR_3M(01)_Ellison_S1_B_ ESMR_4M(01)_Ellison_S1_B_ MATR_1M(04)_Ellison_S1_B_ ENGC_3M(01)_Ellison_S1_C_ ENGC_4M(01)_Ellison_S1_C_ ENGR_1M(04)_Ellison_S1_C_ ENGR_2M(01)_Ellison_S1_C_ CTSR_3M(01)_Ellison_S1_D_ GEOR_2M(01)_Ellison_S1_D_ GLIR_4M(01)_Ellison_S1_D_ HISR_3M(01)_Ellison_S1_D_ RESR01(LEc)_Ellison_S2_A_ ESMR_2M(01)_Ellison_S2_B_ ESMR_3M(01)_Ellison_S2_B_ ESMR_4M(01)_Ellison_S2_B_ MATR_1M(04)_Ellison_S2_B_ ENGC_3M(01)_Ellison_S2_C_ ENGC_4M(01)_Ellison_S2_C_ ENGR_1M(04)_Ellison_S2_C_ ENGR_2M(01)_Ellison_S2_C_ CTSR_3M(02)_Ellison_S2_D_ GEOR_2M(02)_Ellison_S2_D_ GLIR_4M(02)_Ellison_S2_D_ HISR_3M(02)_Ellison_S2_D_ _Epp-Koop_S1_A_ PCMR_3S(02)_Epp-Koop_S1_B_ PCMR_4S(03)_Epp-Koop_S1_C_ PCMR_3S(03)_Epp-Koop_S1_D_ IAPR_2S(05)_Epp-Koop_S2_A_ IAPR_2S(06)_Epp-Koop_S2_B_ PCMR_3S(05)_Epp-Koop_S2_C_ _Epp-Koop_S2_D_ CS103V_2S(01)_Esposito_S1_A_ CS103V_2S(02)_Esposito_S1_B_ CS102V_1S(01)C1_Esposito_S1_C_ CS102V_1S(02)C2_Esposito_S1_C_ _Esposito_S1_D_ CS104V_3S(01)_Esposito_S2_A_ CS104V_3S(02)_Esposito_S2_B_ CS102V_1S(01)C1_Esposito_S2_C_ CS102V_1S(02)C2_Esposito_S2_C_ _Esposito_S2_D_ _Fast_S1_A_ SCIR_1F(11)A2_Fast_S1_A_ TRMR_1F(10)_Fast_S1_B_ SCIR_1F(10)C1_Fast_S1_C_ _Fast_S1_C_ TRMR_1F(11)_Fast_S1_D_ SCIR_1F(11)A1_Fast_S2_A_ _Fast_S2_A_ MATR_1F(10)_Fast_S2_B_ SCIR_1F(10)C1_Fast_S2_C_ _Fast_S2_C_ MATR_1F(11)_Fast_S2_D_ RITR_1S(09)_Grywinski_S1_A_ _Grywinski_S1_B_ SOSR_1F(08)B2_Grywinski_S1_B_ SOSR_1F(09)C1_Grywinski_S1_C_ _Grywinski_S1_C_ RITR_1S(08)_Grywinski_S1_D_ ENGR_1F(09)_Grywinski_S2_A_ _Grywinski_S2_B_ SOSR_1F(08)B2_Grywinski_S2_B_ SOSR_1F(09)C1_Grywinski_S2_C_ _Grywinski_S2_C_ ENGR_1F(08)_Grywinski_S2_D_ ENGC_3S(01)_Fitkowsky_S1_A_ _Fitkowsky_S1_B_ ENGR_2F(05)_Fitkowsky_S1_C_ ENGT_3S(01)_Fitkowsky_S1_D_ ENGC_3S(05)_Fitkowsky_S2_A_ _Fitkowsky_S2_B_ SOSR_1F(05)C1_Fitkowsky_S2_C_ _Fitkowsky_S2_C_ _Fitkowsky_S2_D_ SOSR_1F(07)D2_Fitkowsky_S2_D_ MP207V_2S(98)_Fowler_S1_A_ MP208V_3S(98)_Fowler_S1_B_ _Fowler_S1_C_ MP206H_1S(02)C2_Fowler_S1_C_ MP213V_4S(01)_Fowler_S1_D_ _Fowler_S2_A_ MP207V_2S(02)_Fowler_S2_B_ MP213V_4S(98)_Fowler_S2_C_ MP214V_4S(98)_Fowler_S2_D_ ENGL_3S(01)_Friesen_S1_A_ ENGL_3S(02)_Friesen_S1_B_ ENGC_3S(03)_Friesen_S1_C_ _Friesen_S1_D_ ENGR_2F(10)_Friesen_S2_A_ _Friesen_S2_B_ ENGR_2F(12)_Friesen_S2_C_ ENGR_2F(15)_Friesen_S2_D_ SCIF_2F(01)_Friesen_S1_A_ _Friesen_S1_B_ SCIF_2F(03)_Friesen_S1_C_ BIOF_3S(01)_Friesen_S1_D_ _Friesen_S2_A_ SCIF_2F(04)_Friesen_S2_B_ BIOF_4S(01)_Friesen_S2_C_ BIOF_3S(02)_Friesen_S2_D_ _Galvao_S1_A_ MP210V_3S(01)_Galvao_S1_B_ MP209V_4S(99)_Galvao_S1_C_ MP210V_3S(99)_Galvao_S1_D_ _Galvao_S2_A_ MP211V_4S(01)_Galvao_S2_B_ MP213V_3S(99)_Galvao_S2_C_ MP214V_4S(99)_Galvao_S2_D_ _Gaudreau_S1_A_ SCIR_2F(02)_Gaudreau_S1_B_ SCIS_2F(02)_Gaudreau_S1_C_ SCIS_2F(03)_Gaudreau_S1_D_ SCIS_2F(04)_Gaudreau_S2_A_ _Gaudreau_S2_B_ SCIS_2F(05)_Gaudreau_S2_C_ SCIR_2F(05)_Gaudreau_S2_D_ _Gebhardt_S1_A_ IAPF_2S(01)_Gebhardt_S1_B_ PCMF_3S(01)_Gebhardt_S1_C_ IAPF_2S(02)_Gebhardt_S1_D_ PCMF_4S(01)_Gebhardt_S2_A_ PCMF_3S(02)_Gebhardt_S2_B_ _Gebhardt_S2_C_ IAPF_2S(03)_Gebhardt_S2_D_ _Graham_S1_A_ _Graham_S1_B_ _Graham_S1_C_ _Graham_S1_D_ _Graham_S2_A_ _Graham_S2_B_ _Graham_S2_C_ _Graham_S2_D_ SOSR_1F(10)A1_Hopko_S1_A_ _Hopko_S1_A_ RITR_1S(11)_Hopko_S1_B_ _Hopko_S1_C_ SOSR_1F(11)C2_Hopko_S1_C_ RITR_1S(10)_Hopko_S1_D_ SOSR_1F(10)A1_Hopko_S2_A_ _Hopko_S2_A_ ENGR_1F(11)_Hopko_S2_B_ _Hopko_S2_C_ SOSR_1F(11)C2_Hopko_S2_C_ ENGR_1F(10)_Hopko_S2_D_ GRAR_3G(01)_Haussler_S1_A_ GRAR_4S(01)_Haussler_S1_B_ _Haussler_S1_C_ GRAR_2G(02)_Haussler_S1_D_ _Haussler_S2_A_ GRAR_3G(04)_Haussler_S2_B_ GRHR_1G(03)C1_Haussler_S2_C_ DM093V_1S(02)C2_Haussler_S2_C_ GRAR_2G(04)_Haussler_S2_D_ SOSR_1F(06)A1_Johnson_S1_A_ _Johnson_S1_A_ RITR_1S(04)_Johnson_S1_B_ _Johnson_S1_C_ SOSR_1F(04)C2_Johnson_S1_C_ RITR_1S(06)_Johnson_S1_D_ SOSR_1F(06)A1_Johnson_S2_A_ _Johnson_S2_A_ ENGR_1F(04)_Johnson_S2_B_ _Johnson_S2_C_ SOSR_1F(04)C2_Johnson_S2_C_ ENGR_1F(06)_Johnson_S2_D_ _Hull_S1_A_ FSTR_2S(02)_Hull_S1_B_ FSTR_4S(02)_Hull_S1_C_ FSTR_2S(01)_Hull_S1_D_ TADR_2S(01)_Hull_S2_A_ TADR_4S(01)_Hull_S2_A_ TADR_2S(02)_Hull_S2_B_ TADR_3S(01)_Hull_S2_B_ C1_Hull_S2_C_ TDHR_1S(01)C2_Hull_S2_C_ FSTR_2S(03)_Hull_S2_D_ ESMR_2S(01)_Isfeld_S1_A_ ESMR_3S(01)_Isfeld_S1_B_ ESMR_2S(02)_Isfeld_S1_C_ _Isfeld_S1_D_ ESMR_2S(03)_Isfeld_S2_A_ ESMR_3S(04)_Isfeld_S2_B_ ESMR_3S(05)_Isfeld_S2_C_ _Isfeld_S2_D_ RITR_1S(13)_Moore_S1_A_ RITR_1S(12)_Moore_S1_B_ SOSR_1F(05)C1_Moore_S1_C_ _Moore_S1_C_ _Moore_S1_D_ SOSR_1F(07)D2_Moore_S1_D_ ENGR_1F(13)_Moore_S2_A_ ENGR_1F(12)_Moore_S2_B_ SOSR_1F(05)C1_Moore_S2_C_ _Moore_S2_C_ _Moore_S2_D_ SOSR_1F(07)D2_Moore_S2_D_ _Knight_S1_A_ _Knight_S1_B_ _Knight_S1_C_ _Knight_S1_D_ _Knight_S2_A_ _Knight_S2_B_ _Knight_S2_C_ _Knight_S2_D_ FNUR_2S(01)_Kramble_S1_A_ FNUR_2S(02)_Kramble_S1_B_ _Kramble_S1_C_ PEP_Kramble_S1_D_ _Kramble_S1_D_ FNUR_2S(04)_Kramble_S2_A_ FNUR_2S(05)_Kramble_S2_B_ _Kramble_S2_C_ FOHR_1S(03)C2_Kramble_S2_C_ _Kramble_S2_D_ _Kutcher_S1_A_ _Kutcher_S1_B_ _Kutcher_S1_C_ _Kutcher_S1_D_ _Kutcher_S2_A_ _Kutcher_S2_B_ _Kutcher_S2_C_ _Kutcher_S2_D_ DRAR_3G(01)_Lachance_S1_A_ DRAR_2G(01)_Lachance_S1_B_ DRHR_1G(01)C1_Lachance_S1_C_ DRHR_1G(02)C2_Lachance_S1_C_ _Lachance_S1_D_ DRAR_4S(01)_Lachance_S2_A_ DRAR_2G(02)_Lachance_S2_B_ DRAR_2G(03)_Lachance_S2_C_ _Lachance_S2_D_ RITR_1S(14)_Neil_S1_A_ TRMR_1F(14)_Neil_S1_B_ SOSR_1F(14)C1_Neil_S1_C_ _Neil_S1_C_ _Neil_S1_D_ SCIR_1F(14)D2_Neil_S1_D_ ENGR_1S(14)_Neil_S2_A_ MATR_1F(14)_Neil_S2_B_ SOSR_1F(14)C1_Neil_S2_C_ _Neil_S2_C_ _Neil_S2_D_ SCIR_1F(14)D2_Neil_S2_D_ MP207V_2S(99)_Leduc_S1_A_ MP208V_3S(99)_Leduc_S1_B_ _Leduc_S1_C_ MP208V_3S(01)_Leduc_S1_D_ MP211V_4S(99)_Leduc_S2_A_ MP212V_4S(99)_Leduc_S2_B_ MP208V_3S(02)_Leduc_S2_C_ _Leduc_S2_D_ _Mackintosh_S1_A_ _Mackintosh_S1_B_ _Mackintosh_S1_C_ _Mackintosh_S1_D_ _Mackintosh_S2_A_ _Mackintosh_S2_B_ _Mackintosh_S2_C_ _Mackintosh_S2_D_ _Mason_S1_A_ _Mason_S1_B_ _Mason_S1_C_ _Mason_S1_D_ _Mason_S2_A_ _Mason_S2_B_ _Mason_S2_C_ _Mason_S2_D_ TRMF_1F(01)_McCaffrey_S1_A_ TRMF_1F(03)_McCaffrey_S1_B_ _McCaffrey_S1_C_ TRMF_1F(02)_McCaffrey_S1_D_ MATF_1F(01)_McCaffrey_S2_A_ MATF_1F(02)_McCaffrey_S2_B_ _McCaffrey_S2_C_ MATF_1F(03)_McCaffrey_S2_D_ RESR01(01)_McIvor_S1_A_ RESR01(02)_McIvor_S1_B_ RESR01(03)_McIvor_S1_C_ RESR01(04)_McIvor_S1_D_ _McIvor_S2_A_ _McIvor_S2_B_ _McIvor_S2_C_ _McIvor_S2_D_ _Ocharuk_S1_A_ SCIR_1F(04)A2_Ocharuk_S1_A_ TRMR_1F(06)_Ocharuk_S1_B_ SCIR_1F(06)C1_Ocharuk_S1_C_ _Ocharuk_S1_C_ TRMR_1F(04)_Ocharuk_S1_D_ _Ocharuk_S2_A_ SCIR_1F(04)A2_Ocharuk_S2_A_ MATR_1F(06)_Ocharuk_S2_B_ SCIR_1F(06)C1_Ocharuk_S2_C_ _Ocharuk_S2_C_ MATR_1F(04)_Ocharuk_S2_D_ LWPR_2S(01)_Moskal_S1_A_ _Moskal_S1_B_ LWPR_2S(06)_Moskal_S1_C_ GEOR_2F(05)_Moskal_S1_D_ LWPR_2S(05)_Moskal_S2_A_ GLIR_4S(01)_Moskal_S2_B_ _Moskal_S2_C_ CTIR_4S(01)_Moskal_S2_D_ PCMR_3S(01)_Mytopher_S1_A_ PCMR_4S(02)_Mytopher_S1_B_ _Mytopher_S1_C_ PCMR_4S(04)_Mytopher_S1_D_ PCME_4S(02)_Mytopher_S2_A_ PCMR_3S(04)_Mytopher_S2_B_ _Mytopher_S2_C_ PCMR_4S(05)_Mytopher_S2_D_ TRMR_1F(12)_Pachkowsky_S1_A_ _Pachkowsky_S1_B_ SCIR_1F(13)B2_Pachkowsky_S1_B_ SCIR_1F(12)C1_Pachkowsky_S1_C_ _Pachkowsky_S1_C_ TRMR_1F(13)_Pachkowsky_S1_D_ MATR_1F(12)_Pachkowsky_S2_A_ _Pachkowsky_S2_B_ SCIR_1F(13)B2_Pachkowsky_S2_B_ SCIR_1F(12)C1_Pachkowsky_S2_C_ _Pachkowsky_S2_C_ MATR_1F(13)_Pachkowsky_S2_D_ IAPR_2S(01)_Neufeld_S1_A_ IAPR_2S(02)_Neufeld_S1_B_ ESMR_3S(02)_Neufeld_S1_C_ _Neufeld_S1_D_ ESMR_3S(03)_Neufeld_S2_A_ ESMR_2S(04)_Neufeld_S2_B_ ESMR_2S(05)_Neufeld_S2_C_ _Neufeld_S2_D_ _Nichol_S1_A_ ENGC_3S(02)_Nichol_S1_B_ ENGR_2F(06)_Nichol_S1_C_ ENGR_2F(08)_Nichol_S1_D_ ENGC_3S(04)_Nichol_S2_A_ ENGC_3S(06)_Nichol_S2_B_ ENGR_2F(13)_Nichol_S2_C_ _Nichol_S2_D_ PHER_1F(11)A1_Queijo_S1_A_ PHER_1F(10)A2_Queijo_S1_A_ PHER_1F(13)B1_Queijo_S1_B_ _Queijo_S1_B_ PHER_4F(04)C1_Queijo_S1_C_ PHER_4F(05)C2_Queijo_S1_C_ _Queijo_S1_D_ PHER_1F(09)D2_Queijo_S1_D_ PHER_1F(11)A1_Queijo_S2_A_ PHER_1F(10)A2_Queijo_S2_A_ PHER_1F(13)B1_Queijo_S2_B_ _Queijo_S2_B_ PHER_4F(09)C1_Queijo_S2_C_ PHER_4F(10)C2_Queijo_S2_C_ _Queijo_S2_D_ PHER_1F(09)D2_Queijo_S2_D_ PHER_2F(01)_Esselmont_S1_A_ PHER_2F(02)_Esselmont_S1_B_ _Esselmont_S1_C_ PHEW_2F(01)D1_Esselmont_S1_D_ PHEW_3F(01)D2_Esselmont_S1_D_ PHEW_4F(01)D2_Esselmont_S1_D_ PHER_2F(07)_Esselmont_S2_A_ PHER_2F(08)_Esselmont_S2_B_ _Esselmont_S2_C_ PHEW_2F(01)D1_Esselmont_S2_D_ PHEW_3F(01)D2_Esselmont_S2_D_ PHEW_4F(01)D2_Esselmont_S2_D_ GEOF_2F(01)_Pereira_S1_A_ SCIF_1F(01)_Pereira_S1_B_ _Pereira_S1_C_ GEOF_2F(02)_Pereira_S1_D_ SCIF_1F(03)_Pereira_S2_A_ GEOF_2F(03)_Pereira_S2_B_ GEOF_2F(04)_Pereira_S2_C_ _Pereira_S2_D_ POMR_3G(01)_Perreault_S1_A_ POMR_2G(01)_Perreault_S1_B_ C1_Perreault_S1_C_ PMHR_1G(02)C2_Perreault_S1_C_ PMOR_2G(02)_Perreault_S1_D_ POMR_2G(03)_Perreault_S2_A_ POMR_4S(01)_Perreault_S2_B_ PMHR_1G(03)C1_Perreault_S2_C_ _Perreault_S2_C_ POMR_2G(03)_Perreault_S2_D_ HISR_3F(01)_Petri_S1_A_ HISR_3F(02)_Petri_S1_B_ _Petri_S1_C_ GEOR_2F(06)_Petri_S1_D_ GEOR_2F(07)_Petri_S2_A_ HISR_3S(11)_Petri_S2_B_ _Petri_S2_C_ HISR_4S(01)_Petri_S2_D_ _Petryshyn_S1_A_ GEOR_2F(03)_Petryshyn_S1_B_ HISR_3F(04)_Petryshyn_S1_C_ HISR_3F(05)_Petryshyn_S1_D_ HISR_3F(07)_Petryshyn_S2_A_ _Petryshyn_S2_B_ HISR_3F(08)_Petryshyn_S2_C_ GEOR_2F(10)_Petryshyn_S2_D_ GEOR_2F(01)_Prociuk_S1_A_ _Prociuk_S1_B_ GEOR_2F(04)_Prociuk_S1_C_ HISR_3F(06)_Prociuk_S1_D_ PSYR_4S(03)_Prociuk_S2_A_ GEOR_2F(08)_Prociuk_S2_B_ PSYR_4S(04)_Prociuk_S2_C_ _Prociuk_S2_D_ AESR_3S(01)_Pura_S1_A_ LWPR_2S(02)_Pura_S1_B_ RTPR_3S(01)_Pura_S1_C_ _Pura_S1_D_ AESR_3S(02)_Pura_S2_A_ LWPR_2S(03)_Pura_S2_B_ _Pura_S2_C_ ASYR_4S(01)_Pura_S2_D_ _Larveld_S1_A_ PHER_2F(03)_Larveld_S1_B_ PHER_3F(03)C1_Larveld_S1_C_ PHER_3F(04)C2_Larveld_S1_C_ PHER_2F(06)_Larveld_S1_D_ PHER_3F(07)A2_Larveld_S2_A_ _Larveld_S2_A_ PHER_2F(09)_Larveld_S2_B_ PHER_3F(09)C1_Larveld_S2_C_ PHER_3F(10)C2_Larveld_S2_C_ PHER_3F(11)D1_Larveld_S2_D_ _Larveld_S2_D_ PCMR_4S(01)_Ramos_S1_A_ _Ramos_S1_B_ ADME_4S(01)_Ramos_S1_C_ PCME_4S(01)_Ramos_S1_D_ ADME_4S(02)_Ramos_S2_A_ _Ramos_S2_B_ AM2R_4S(01)_Ramos_S2_C_ ICAR_4S(01)_Ramos_S2_D_ COSR_3S(01)_RempelSmith_S1_A_ _RempelSmith_S1_B_ DM096V_3S(97)_RempelSmith_S1_C_ DM097V_3S(97)_RempelSmith_S1_D_ COSR_4S(01)_RempelSmith_S2_A_ _RempelSmith_S2_B_ DM094V_2S(02)_RempelSmith_S2_C_ DM097V_3S(01)_RempelSmith_S2_D_ DM099V_4S(01)_RempelSmith_S2_D_ ELER_2G(01)_Ridgedale_S1_A_ ELER_3G(01)_Ridgedale_S1_B_ ELER_4S(01)_Ridgedale_S1_B_ _Ridgedale_S1_C_ ELHR_1G(01)C2_Ridgedale_S1_C_ _Ridgedale_S1_D_ ELER_2G(02)_Ridgedale_S2_A_ ELER_3G(02)_Ridgedale_S2_B_ ELER_4S(02)_Ridgedale_S2_B_ ELHR_1G(02)C1_Ridgedale_S2_C_ ELHR_1G(03)C2_Ridgedale_S2_C_ _Ridgedale_S2_D_ SCIR_2F(01)_Robak_S1_A_ BIOR_4S(01)_Robak_S1_B_ _Robak_S1_C_ BIOR_3S(03)_Robak_S1_D_ _Robak_S2_A_ CTSE_3S(01)_Robak_S2_B_ BIOR_4S(02)_Robak_S2_C_ BIOR_4S(03)_Robak_S2_D_ PHER_3F(01)A1_Swirsky_S1_A_ PHER_4F(01)A2_Swirsky_S1_A_ PHER_4F(03)B1_Swirsky_S1_B_ _Swirsky_S1_B_ PHER_2F(04)_Swirsky_S1_C_ _Swirsky_S1_D_ PHER_3F(05)D2_Swirsky_S1_D_ PHER_3F(06)A1_Swirsky_S2_A_ PHER_4F(07)A2_Swirsky_S2_A_ _Swirsky_S2_B_ PHER_2F(10)_Swirsky_S2_C_ PHER_2F(12)_Swirsky_S2_D_ _Sankovic_S1_A_ BIOR_3S(01)_Sankovic_S1_B_ BIOE_4S(01)_Sankovic_S1_C_ BIOE_4S(02)_Sankovic_S1_D_ _Sankovic_S2_A_ CTSR_3S(01)_Sankovic_S2_B_ BIOP_4S(01)_Sankovic_S2_C_ BIOP_4S(02)_Sankovic_S2_D_ _Sawchuk_S1_A_ _Sawchuk_S1_B_ _Sawchuk_S1_C_ _Sawchuk_S1_D_ _Sawchuk_S2_A_ _Sawchuk_S2_B_ _Sawchuk_S2_C_ _Sawchuk_S2_D_ _Seidel_S1_A_ GEOR_2F(02)_Seidel_S1_B_ SOCY_3G(02)_Seidel_S1_C_ SOCY_3G(01)_Seidel_S1_D_ SOCY_3G(03)_Seidel_S2_A_ _Seidel_S2_B_ GEOR_2F(09)_Seidel_S2_C_ GEOR_2F(11)_Seidel_S2_D_ GRAR_3G(02)_Shewchuk_S1_A_ GRAR_4S(02)_Shewchuk_S1_B_ MP206H_1S(01)C1_Shewchuk_S1_C_ _Shewchuk_S1_C_ GRAR_2G(01)_Shewchuk_S1_D_ GRAR_4S(03)_Shewchuk_S2_A_ _Shewchuk_S2_B_ GRHR_1G(02)C1_Shewchuk_S2_C_ DM093V_1S(03)C2_Shewchuk_S2_C_ GRAR_2G(03)_Shewchuk_S2_D_ _Silver_S1_A_ _Silver_S1_B_ MU2H_1S(01)C1_Silver_S1_C_ _Silver_S1_C_ _Silver_S1_D_ _Silver_S2_A_ _Silver_S2_B_ _Silver_S2_C_ MU2H_1S(02)C2_Silver_S2_C_ _Silver_S2_D_ _Sinclair_S1_A_ _Sinclair_S1_B_ _Sinclair_S1_C_ _Sinclair_S1_D_ _Sinclair_S2_A_ _Sinclair_S2_B_ _Sinclair_S2_C_ _Sinclair_S2_D_ ENGR_2F(01)_Sinosich_S1_A_ ENGR_2F(03)_Sinosich_S1_B_ ENGR_2F(07)_Sinosich_S1_C_ _Sinosich_S1_D_ _Sinosich_S2_A_ ENGR_2F(11)_Sinosich_S2_B_ ENGC_3S(07)_Sinosich_S2_C_ ENGR_2F(16)_Sinosich_S2_D_ _Slavicek_S1_A_ DM095V_3S(01)_Slavicek_S1_B_ DM098V_4S(01)_Slavicek_S1_B_ DM093H_1S(01)C1_Slavicek_S1_C_ GRHR_1G(01)C2_Slavicek_S1_C_ DM094V_2S(01)_Slavicek_S1_D_ DM098V_4S(97)_Slavicek_S2_A_ DM099V_4S(97)_Slavicek_S2_B_ DM096V_3S(01)_Slavicek_S2_C_ _Slavicek_S2_D_ _Slivinski_S1_A_ SCIE_2F(01)_Slivinski_S1_B_ SCIR_2F(03)_Slivinski_S1_C_ ESMR_2S(R1)_Slivinski_S1_D_ _Slivinski_S2_A_ SCIE_2F(03)_Slivinski_S2_B_ SCIR_2F(R1)_Slivinski_S2_C_ ESMR_2S(R2)_Slivinski_S2_D_ ENGL_4S(01)_Stacey_S1_A_ ENGL_4S(03)_Stacey_S1_B_ ENGL_3S(03)_Stacey_S1_C_ _Stacey_S1_D_ ENGC_4S(05)_Stacey_S2_A_ ENGL_3S(04)_Stacey_S2_B_ _Stacey_S2_C_ ENLE_4S(01)_Stacey_S2_D_ _Steeves_S1_A_ PHEF_3F(01)B1_Steeves_S1_B_ PHEF_4F(01)B2_Steeves_S1_B_ PHEF_1F(02)C1_Steeves_S1_C_ PHEF_1F(01)C2_Steeves_S1_C_ PHEF_2F(01)_Steeves_S1_D_ _Steeves_S2_A_ PHEF_3F(02)B1_Steeves_S2_B_ PHEF_4F(02)B2_Steeves_S2_B_ PHEF_1F(02)C1_Steeves_S2_C_ PHEF_1F(01)C2_Steeves_S2_C_ PHEF_2F(03)_Steeves_S2_D_ PSYR_4S(01)_Stein_S1_A_ _Stein_S1_B_ PSYR_4S(02)_Stein_S1_C_ LAWR_4S(01)_Stein_S1_D_ LAWR_4S(02)_Stein_S2_A_ PSYR_4S(05)_Stein_S2_B_ _Stein_S2_C_ LAWR_4S(03)_Stein_S2_D_ DANR_3S(01)_Suban_S1_A_ _Suban_S1_B_ DNHB_1S(01)C1_Suban_S1_C_ DNHB_1S(02)C2_Suban_S1_C_ DANR_2S(01)_Suban_S1_D_ DANR_2S(03)_Suban_S2_A_ _Suban_S2_B_ DNHB_1S(03)C1_Suban_S2_C_ DNHB_1S(04)C2_Suban_S2_C_ DANR_3S(03)_Suban_S2_D_ WOOR_2G(01)_Sudermann_S1_A_ WOOR_3G(01)_Sudermann_S1_B_ WOHR_1G(01)C1_Sudermann_S1_C_ WOHR_1G(02)C2_Sudermann_S1_C_ _Sudermann_S1_D_ WOOR_3G(02)_Sudermann_S2_A_ WOOR_4S(01)_Sudermann_S2_A_ WOOR_2G(02)_Sudermann_S2_B_ _Sudermann_S2_C_ WOHR_1G(03)C2_Sudermann_S2_C_ _Sudermann_S2_D_ TRMR_1F(07)_Russell_S1_A_ SCIR_1F(05)B1_Russell_S1_B_ _Russell_S1_B_ _Russell_S1_C_ SCIR_1F(07)C2_Russell_S1_C_ TRMR_1F(05)_Russell_S1_D_ MATR_1F(07)_Russell_S2_A_ SCIR_1F(05)B1_Russell_S2_B_ _Russell_S2_B_ _Russell_S2_C_ SCIR_1F(07)C2_Russell_S2_C_ MATR_1F(05)_Russell_S2_D_ FNUR_3S(01)_Tao_S1_A_ FNUR_3S(02)_Tao_S1_B_ FOHR_1S(01)C1_Tao_S1_C_ _Tao_S1_C_ FNUR_4S(01)_Tao_S1_D_ FNUR_2S(03)_Tao_S2_A_ FNUR_3S(03)_Tao_S2_B_ FOHR_1S(02)C1_Tao_S2_C_ _Tao_S2_C_ FNUR_4S(02)_Tao_S2_D_ SCIF_1F(02)_TEACHERV_S1_A_ SCIF_2F(02)_TEACHERV_S1_B_ Fraf_2F(02)_TEACHERV_S1_C_ _TEACHERV_S1_D_ _TEACHERV_S2_A_ _TEACHERV_S2_B_ _TEACHERV_S2_C_ _TEACHERV_S2_D_ HISF_3F(01)_TeacherX_S1_A_ HISF_3F(02)_TeacherX_S1_B_ _TeacherX_S1_C_ SCHF_1F(03)_TeacherX_S1_D_ _TeacherX_S2_A_ SCHF_1F(01)_TeacherX_S2_B_ HISF_3F(03)_TeacherX_S2_C_ SCHF_1F(02)_TeacherX_S2_D_ ENGW_4S(01)A1_TeacherY_S1_A_ ENGW_3S(01)A2_TeacherY_S1_A_ HISW_3S(01)B1_TeacherY_S1_B_ GLIW_4S(01)B2_TeacherY_S1_B_ ENGW_2F(01)C1_TeacherY_S1_C_ C2_TeacherY_S1_C_ PEP-Option_3(01)D1_TeacherY_S1_D_ PHEW_3F(01)D2_TeacherY_S1_D_ _TeacherY_S1_D_ ENGW_4S(01)A1_TeacherY_S2_A_ ENGW_3S(01)A2_TeacherY_S2_A_ HISW_3S(01)B1_TeacherY_S2_B_ GLIW_4S(01)B2_TeacherY_S2_B_ ENGW_2F(01)C1_TeacherY_S2_C_ C2_TeacherY_S2_C_ PEP-Option_3(01)D1_TeacherY_S2_D_ PE_TeacherY_S2_D_ Support_TeacherY_S2_D_ D2_TeacherY_S2_D_ _TeacherY_S2_D_ ESMW_3S(01)A1_TeacherZ_S1_A_ ESMW_4S(01)A2_TeacherZ_S1_A_ INSW_4S(01)B1_TeacherZ_S1_B_ CTSW_3S(01)B2_TeacherZ_S1_B_ PEP-Option_3(02)C1_TeacherZ_S1_C_ ESMW_2S(01)C2_TeacherZ_S1_C_ D1_TeacherZ_S1_D_ PHEW_4F(01)D2_TeacherZ_S1_D_ ESMW_3S(01)A1_TeacherZ_S2_A_ ESMW_4S(01)A2_TeacherZ_S2_A_ INSW_4S(01)B1_TeacherZ_S2_B_ CTSW_3S(01)B2_TeacherZ_S2_B_ PEP-Option_3(02)C1_TeacherZ_S2_C_ ESMW_2S(01)C2_TeacherZ_S2_C_ D1_TeacherZ_S2_D_ PE_TeacherZ_S2_D_ Support_TeacherZ_S2_D_ D2_TeacherZ_S2_D_ LWPR_2S(WE)A1_Thwaites_S1_A_ SCIW_2F(01)A2_Thwaites_S1_A_ PEP-Option_2(01)_Thwaites_S1_B_ PrepC1_Thwaites_S1_C_ _Thwaites_S1_C_ LWBR_3S(01)C2_Thwaites_S1_C_ PHEW_2F(01)D1_Thwaites_S1_D_ GEOW_2S(01)D2_Thwaites_S1_D_ LWPR_2S(WE)A1_Thwaites_S2_A_ SCIW_2F(01)A2_Thwaites_S2_A_ PEP-Option_2(01)_Thwaites_S2_B_ PrepC1_Thwaites_S2_C_ _Thwaites_S2_C_ LWBR_3S(01)C2_Thwaites_S2_C_ LWTF_4S(01)D1_Thwaites_S2_D_ GEOW_2S(01)D2_Thwaites_S2_D_ _Trethart_S1_A_ INSR_4S(01)_Trethart_S1_B_ ECPR_4S(01)_Trethart_S1_C_ BIOR_3S(02)_Trethart_S1_D_ BIOR_3S(04)_Trethart_S2_A_ BIOR_3S(05)_Trethart_S2_B_ BIOR_3S(06)_Trethart_S2_C_ _Trethart_S2_D_ PH1P_4S(01)_Truderung_S1_A_ PHYE_3S(01)_Truderung_S1_B_ _Truderung_S1_C_ PHYR_3S(02)_Truderung_S1_D_ _Truderung_S2_A_ PHYE_4S(01)_Truderung_S2_B_ PHYR_3S(04)_Truderung_S2_C_ PHYR_4S(04)_Truderung_S2_D_ FILF_1F(03)_Villa_S1_A_ ENGF_1F(02)_Villa_S1_B_ _Villa_S1_C_ FILF_1F(01)_Villa_S1_D_ FILF_1F(02)_Villa_S2_A_ ENGF_1F(03)_Villa_S2_B_ _Villa_S2_C_ ENGF_1F(01)_Villa_S2_D_ FSTR_3S(01)_Waller_S1_A_ FSTR_4S(02)_Waller_S1_B_ FSTR_3S(02)_Waller_S1_C_ _Waller_S1_D_ FSTR_3S(03)_Waller_S2_A_ _Waller_S2_B_ FSTR_4S(03)_Waller_S2_C_ FSTR_4S(04)_Waller_S2_D_ ENGC_3M(04)A1_Wesley_S1_A_ ENGC_4M(02)_Wesley_S1_A_ ENGR_2M(03)_Wesley_S1_A_ ESMR_2M(04)A2_Wesley_S1_A_ ESMR_3M(03)_Wesley_S1_A_ ESMR_4M(02)_Wesley_S1_A_ MATR_1M(05)_Wesley_S1_A_ RESR01(05)_Wesley_S1_B_ LWPR_2M(01)C1_Wesley_S1_C_ _Wesley_S1_C_ _Wesley_S1_D_ LWER_1M(02)D2_Wesley_S1_D_ LWPR_2M(02)_Wesley_S1_D_ _Wesley_S2_A_ _Wesley_S2_B_ _Wesley_S2_C_ _Wesley_S2_D_ PHER_1F(04)A1_Witzke_S1_A_ PHER_1F(06)A2_Witzke_S1_A_ PHER_1F(08)B1_Witzke_S1_B_ PHER_3F(02)B2_Witzke_S1_B_ _Witzke_S1_C_ PHER_1F(07)D1_Witzke_S1_D_ PHER_1F(12)D2_Witzke_S1_D_ PHER_1F(04)A1_Witzke_S2_A_ PHER_1F(06)A2_Witzke_S2_A_ PHER_1F(08)B1_Witzke_S2_B_ PHER_3F(08)B2_Witzke_S2_B_ _Witzke_S2_C_ PHER_1F(07)D1_Witzke_S2_D_ PHER_1F(12)D2_Witzke_S2_D_ LWPR_2S(WE)A1_Wright_S1_A_ SCIW_2F(01)A2_Wright_S1_A_ PEP-Option_2(01)_Wright_S1_B_ PrepC1_Wright_S1_C_ _Wright_S1_C_ LWBR_3S(01)C2_Wright_S1_C_ PHEW_2F(01)D1_Wright_S1_D_ GEOW_2S(01)D2_Wright_S1_D_ LWPR_2S(WE)A1_Wright_S2_A_ SCIW_2F(01)A2_Wright_S2_A_ PEP-Option_2(01)_Wright_S2_B_ PrepC1_Wright_S2_C_ _Wright_S2_C_ LWBR_3S(01)C2_Wright_S2_C_ LWTF_4S(01)D1_Wright_S2_D_ GEOW_2S(01)D2_Wright_S2_D_ IAPE_2S(01)_Yosyk_S1_A_ _Yosyk_S1_B_ PCME_3S(01)_Yosyk_S1_C_ IAPR_2S(04)_Yosyk_S1_D_ PCME_3S(02)_Yosyk_S2_A_ _Yosyk_S2_B_ IAPR_2S(07)_Yosyk_S2_C_ IAPR_2S(08)_Yosyk_S2_D_ TRMR_1F(08)_Zhao_S1_A_ TRMR_1F(09)_Zhao_S1_B_ _Zhao_S1_C_ SCIR_1F(08)C2_Zhao_S1_C_ SCIR_1F(09)D1_Zhao_S1_D_ _Zhao_S1_D_ MATR_1F(08)_Zhao_S2_A_ MATR_1F(09)_Zhao_S2_B_ _Zhao_S2_C_ SCIR_1F(08)C2_Zhao_S2_C_ SCIR_1F(09)D1_Zhao_S2_D_ _Zhao_S2_D_ ENGL_4S(02)_Zurbuchen_S1_A_ _Zurbuchen_S1_B_ ENGC_4S(04)_Zurbuchen_S1_C_ ENGL_3S(06)_Zurbuchen_S1_D_ ENGL_4S(05)_Zurbuchen_S2_A_ ENGR_2F(09)_Zurbuchen_S2_B_ _Zurbuchen_S2_C_ CHER_3S(06)_Zurbuchen_S2_D_ _ZZPLACEHOLDER_S1_A_ _ZZPLACEHOLDER_S1_B_ _ZZPLACEHOLDER_S1_C_ _ZZPLACEHOLDER_S1_D_ _ZZPLACEHOLDER_S2_A_ _ZZPLACEHOLDER_S2_B_ _ZZPLACEHOLDER_S2_C_ _ZZPLACEHOLDER_S2_D_
A3: ="_"&SUBSTITUTE(IFERROR(LEFT(Master!B7, FIND(",", Master!B7) - 1),Master!B7)," ","") -> _Alford | B3: =SUBSTITUTE(SUBSTITUTE(SUBSTITUTE(SUBSTITUTE(SUBSTITUTE(IFERROR(SUBSTITUTE(Master!D7,CHAR(10)," "),Master!D7)," ",$A3&B$1&" ")&$A3&B$1," "&$A3&B$1&" "," ")," "&$A3&B$1&" "," ")," "&$A3&B$1&" "," ")," "&$A3&B$1&" "," ") -> PREP_Alford_S1_A_ | C3: =SUBSTITUTE(SUBSTITUTE(SUBSTITUTE(SUBSTITUTE(SUBSTITUTE(IFERROR(SUBSTITUTE(Master!E7,CHAR(10)," "),Master!E7)," ",$A3&C$1&" ")&$A3&C$1," "&$A3&C$1&" "," ")," "&$A3&C$1&" "," ")," "&$A3&C$1&" "," ")," "&$A3&C$1&" "," ") -> PREP_Alford_S1_B_ | D3: =SUBSTITUTE(SUBSTITUTE(SUBSTITUTE(SUBSTITUTE(SUBSTITUTE(IFERROR(SUBSTITUTE(Master!F7,CHAR(10)," "),Master!F7)," ",$A3&D$1&" ")&$A3&D$1," "&$A3&D$1&" "," ")," "&$A3&D$1&" "," ")," "&$A3&D$1&" "," ")," "&$A3&D$1&" "," ") -> PREP_Alford_S1_C_ | E3: =SUBSTITUTE(SUBSTITUTE(SUBSTITUTE(SUBSTITUTE(SUBSTITUTE(IFERROR(SUBSTITUTE(Master!G7,CHAR(10)," "),Master!G7)," ",$A3&E$1&" ")&$A3&E$1," "&$A3&E$1&" "," ")," "&$A3&E$1&" "," ")," "&$A3&E$1&" "," ")," "&$A3&E$1&" "," ") -> PREP_Alford_S1_D_ | F3: =SUBSTITUTE(SUBSTITUTE(SUBSTITUTE(SUBSTITUTE(SUBSTITUTE(IFERROR(SUBSTITUTE(Master!H7,CHAR(10)," "),Master!H7)," ",$A3&F$1&" ")&$A3&F$1," "&$A3&F$1&" "," ")," "&$A3&F$1&" "," ")," "&$A3&F$1&" "," ")," "&$A3&F$1&" "," ") -> PREP_Alford_S2_A_ | G3: =SUBSTITUTE(SUBSTITUTE(SUBSTITUTE(SUBSTITUTE(SUBSTITUTE(IFERROR(SUBSTITUTE(Master!I7,CHAR(10)," "),Master!I7)," ",$A3&G$1&" ")&$A3&G$1," "&$A3&G$1&" "," ")," "&$A3&G$1&" "," ")," "&$A3&G$1&" "," ")," "&$A3&G$1&" "," ") -> PREP_Alford_S2_B_ | H3: =SUBSTITUTE(SUBSTITUTE(SUBSTITUTE(SUBSTITUTE(SUBSTITUTE(IFERROR(SUBSTITUTE(Master!J7,CHAR(10)," "),Master!J7)," ",$A3&H$1&" ")&$A3&H$1," "&$A3&H$1&" "," ")," "&$A3&H$1&" "," ")," "&$A3&H$1&" "," ")," "&$A3&H$1&" "," ") -> PREP_Alford_S2_C_ | I3: =SUBSTITUTE(SUBSTITUTE(SUBSTITUTE(SUBSTITUTE(SUBSTITUTE(IFERROR(SUBSTITUTE(Master!K7,CHAR(10)," "),Master!K7)," ",$A3&I$1&" ")&$A3&I$1," "&$A3&I$1&" "," ")," "&$A3&I$1&" "," ")," "&$A3&I$1&" "," ")," "&$A3&I$1&" "," ") -> PREP_Alford_S2_D_ | N3: =_xlfn.TEXTJOIN(" ", TRUE, B3:I3) -> PREP_Alford_S1_A_ PREP_Alford_S1_B_ PREP_Alford_S1_C_ PREP_Alford_S1_D_ PREP_Alford_S2_A_ PREP_Alford_S2_B_ PREP_Alford_S2_C_ PREP_Alford_S2_D_ | O3: =A3 -> _Alford | P3: =P2&" "&N3 -> ENGR_2F(02)_Alfaro_S1_A_ ENGR_2F(04)_Alfaro_S1_B_ PHEF_1F(02)C1_Alfaro_S1_C_ PHEF_1F(01)C2_Alfaro_S1_C_ PREP_Alfaro_S1_D_ PHEF_2F(02)_Alfaro_S2_A_ ENGR_2F(R1)_Alfaro_S2_B_ PHEF_1F(02)C1_Alfaro_S2_C_ PHEF_1F(01)C2_Alfaro_S2_C_ PREP_Alfaro_S2_D_ PREP_Alford_S1_A_ PREP_Alford_S1_B_ PREP_Alford_S1_C_ PREP_Alford_S1_D_ PREP_Alford_S2_A_ PREP_Alford_S2_B_ PREP_Alford_S2_C_ PREP_Alford_S2_D_ | Q3: xxx | T3: =COUNTIF($V$1:$V$1200, "<=" & V3) -> 524 | U3: 1 | V3: =TRIM(_xlfn.TEXTBEFORE(W2, " ")) -> ENGR_2F(02)_Alfaro_S1_A_ | W3: =TRIM(MID(W2, LEN(V3)+1, LEN(W2) - LEN(V3))) -> ENGR_2F(04)_Alfaro_S1_B_ PHEF_1F(02)C1_Alfaro_S1_C_ PHEF_1F(01)C2_Alfaro_S1_C_ _Alfaro_S1_D_ PHEF_2F(02)_Alfaro_S2_A_ ENGR_2F(R1)_Alfaro_S2_B_ PHEF_1F(02)C1_Alfaro_S2_C_ PHEF_1F(01)C2_Alfaro_S2_C_ _Alfaro_S2_D_ _Alford_S1_A_ _Alford_S1_B_ _Alford_S1_C_ _Alford_S1_D_ _Alford_S2_A_ _Alford_S2_B_ _Alford_S2_C_ _Alford_S2_D_ DM094V_2S(97)_Alibudbud_S1_A_ DM095V_3S(97)_Alibudbud_S1_B_ DM100V_4S(01)_Alibudbud_S1_C_ MP212V_4S(01)_Alibudbud_S1_C_ _Alibudbud_S1_D_ DM101V_4S(01)_Alibudbud_S2_A_ MP214V_4S(01)_Alibudbud_S2_A_ _Alibudbud_S2_B_ DM100V_4S(97)_Alibudbud_S2_C_ DM101V_4S(97)_Alibudbud_S2_D_ _Anastasiadis_S1_A_ _Anastasiadis_S1_B_ _Anastasiadis_S1_C_ _Anastasiadis_S1_D_ _Anastasiadis_S2_A_ _Anastasiadis_S2_B_ _Anastasiadis_S2_C_ _Anastasiadis_S2_D_ MAPF_3S(01)_Anis_S1_A_ _Anis_S1_B_ falf_3S(01)_Anis_S1_C_ PSYF_4S(01)_Anis_S1_D_ falf_3S(02)_Anis_S2_A_ _Anis_S2_B_ falf_3S(03)_Anis_S2_C_ MAPF_4S(01)_Anis_S2_D_ _Athayde_S1_A_ SCIS_2F(01)_Athayde_S1_B_ _Athayde_S1_C_ DANR_4S(01)_Athayde_S1_D_ _Athayde_S2_A_ DANR_2S(02)_Athayde_S2_B_ _Athayde_S2_C_ DANR_4S(02)_Athayde_S2_D_ _Bara_S1_A_ _Bara_S1_B_ _Bara_S1_C_ _Bara_S1_D_ _Bara_S2_A_ _Bara_S2_B_ _Bara_S2_C_ _Bara_S2_D_ PHER_4F(02)A1_Barnych_S1_A_ _Barnych_S1_A_ _Barnych_S1_B_ PHER_1F(05)B2_Barnych_S1_B_ PHER_2F(05)_Barnych_S1_C_ PHER_1F(14)D1_Barnych_S1_D_ PHER_4F(06)D2_Barnych_S1_D_ _Barnych_S2_A_ PHER_4F(08)B1_Barnych_S2_B_ PHER_1F(05)B2_Barnych_S2_B_ PHER_2F(11)_Barnych_S2_C_ PHER_1F(14)D1_Barnych_S2_D_ PHER_4F(11)D2_Barnych_S2_D_ CS109V_4S(01)_Bazilewich_S1_A_ CS105V_3S(01)_Bazilewich_S1_B_ CS106V_3S(01)_Bazilewich_S1_C_ _Bazilewich_S1_D_ CS108V_4S(01)_Bazilewich_S2_A_ CS106V_3S(02)_Bazilewich_S2_B_ CS111V_4S(01)_Bazilewich_S2_C_ _Bazilewich_S2_D_ falf_4S(01)_Beckett_S1_A_ falf_4S(02)_Beckett_S1_B_ _Beckett_S1_C_ Fraf_2F(01)_Beckett_S1_D_ Fraf_2F(03)_Beckett_S2_A_ falf_4S(03)_Beckett_S2_B_ Fraf_2F(04)_Beckett_S2_C_ _Beckett_S2_D_ RITR_1S(05)_Bilewitch_S1_A_ RITR_1S(07)_Bilewitch_S1_B_ SOSR_1F(05)C1_Bilewitch_S1_C_ _Bilewitch_S1_C_ _Bilewitch_S1_D_ SOSR_1F(07)D2_Bilewitch_S1_D_ ENGR_1F(05)_Bilewitch_S2_A_ ENGR_1F(07)_Bilewitch_S2_B_ SOSR_1F(05)C1_Bilewitch_S2_C_ _Bilewitch_S2_C_ _Bilewitch_S2_D_ SOSR_1F(07)D2_Bilewitch_S2_D_ _Boyes_S1_A_ _Boyes_S1_B_ MCCR_1S(01)C1_Boyes_S1_C_ _Boyes_S1_C_ _Boyes_S1_D_ _Boyes_S2_A_ _Boyes_S2_B_ MCCR_1S(01)C1_Boyes_S2_C_ _Boyes_S2_C_ _Boyes_S2_D_ _Buller_S1_A_ _Buller_S1_B_ _Buller_S1_C_ _Buller_S1_D_ _Buller_S2_A_ _Buller_S2_B_ _Buller_S2_C_ _Buller_S2_D_ BMAR_4S(01)_Buskell_S1_A_ BMAR_4S(02)_Buskell_S1_B_ _Buskell_S1_C_ CS107V_4S(01)_Buskell_S1_D_ BMAR_4S(03)_Buskell_S2_A_ _Buskell_S2_B_ LWPR_2S(04)_Buskell_S2_C_ CS103V_2S(03)_Buskell_S2_D_ ENGC_4S(01)_Carpick_S1_A_ _Carpick_S1_B_ ENGC_4S(03)_Carpick_S1_C_ ENGL_4S(04)_Carpick_S1_D_ _Carpick_S2_A_ ENGC_4S(06)_Carpick_S2_B_ ENGC_4S(07)_Carpick_S2_C_ ENGL_3S(05)_Carpick_S2_D_ CHER_4S(01)_Carrington_S1_A_ _Carrington_S1_B_ CHER_3S(02)_Carrington_S1_C_ CHER_3S(03)_Carrington_S1_D_ _Carrington_S2_A_ CHER_4S(03)_Carrington_S2_B_ CHER_4S(04)_Carrington_S2_C_ CHER_3S(05)_Carrington_S2_D_ PHYR_3S(01)_Clifford_S1_A_ _Clifford_S1_B_ PHYR_4S(01)_Clifford_S1_C_ PHYR_4S(02)_Clifford_S1_D_ SCIR_2F(04)_Clifford_S2_A_ PHYR_3S(03)_Clifford_S2_B_ PHYR_4S(03)_Clifford_S2_C_ _Clifford_S2_D_ _Cooper_S1_A_ ENGC_4S(02)_Cooper_S1_B_ ENGT_4S(01)_Cooper_S1_C_ ENGT_4S(02)_Cooper_S1_D_ _Cooper_S2_A_ ENGT_4S(03)_Cooper_S2_B_ ENGC_4S(08)_Cooper_S2_C_ ENGC_4S(09)_Cooper_S2_D_ ESMR_4S(03)_DeGrave_S1_A_ ESMR_4S(01)_DeGrave_S1_B_ IAPR_2S(03)_DeGrave_S1_C_ _DeGrave_S1_D_ ESMR_4S(04)_DeGrave_S2_A_ ESMR_4S(05)_DeGrave_S2_B_ _DeGrave_S2_C_ ESMR_3S(06)_DeGrave_S2_D_ CHER_3S(01)_Dionisio_S1_A_ CHEE_4S(01)_Dionisio_S1_B_ CHER_4S(02)_Dionisio_S1_C_ _Dionisio_S1_D_ _Dionisio_S2_A_ CHEP_4S(01)_Dionisio_S2_B_ CHER_3S(04)_Dionisio_S2_C_ CHEE_3S(01)_Dionisio_S2_D_ D1MR_2S(01)_Dizor_S1_A_ D1MR_3S(01)_Dizor_S1_A_ D1MR_4S(01)_Dizor_S1_A_ HISR_3F(03)_Dizor_S1_B_ CMHR_4S(01)_Dizor_S1_C_ _Dizor_S1_D_ D1MR_2S(02)_Dizor_S2_A_ D1MR_3S(02)_Dizor_S2_A_ D1MR_4S(02)_Dizor_S2_A_ HISR_3F(09)_Dizor_S2_B_ _Dizor_S2_C_ HISR_3F(10)_Dizor_S2_D_ APMR_3S(01)_Doerksen_S1_A_ APMR_4S(01)_Doerksen_S1_B_ ESMR_4S(02)_Doerksen_S1_C_ _Doerksen_S1_D_ APMR_3S(02)_Doerksen_S2_A_ APMR_4S(02)_Doerksen_S2_B_ ESMR_4S(06)_Doerksen_S2_C_ _Doerksen_S2_D_ EALR_4S(01)_Dyck_S1_A_ LS1R_1F(01)_Dyck_S1_A_ LS2R_2F(01)_Dyck_S1_A_ LS3R_3F(01)_Dyck_S1_A_ ENGC_3E(01)_Dyck_S1_B_ ENGC_4E(01)_Dyck_S1_B_ ENGR_1E(01)_Dyck_S1_B_ ENGR_2E(01)_Dyck_S1_B_ _Dyck_S1_C_ RITR_3S(03)D1_Dyck_S1_D_ RTHR_2S(01)_Dyck_S1_D_ RTHR_3S(01)_Dyck_S1_D_ _Dyck_S1_D_ EALR_4S(02)_Dyck_S2_A_ ENGC_3E(03)_Dyck_S2_A_ LS1R_1F(02)_Dyck_S2_A_ LS2R_2F(02)_Dyck_S2_A_ ENGC_3E(02)_Dyck_S2_B_ ENGC_4E(02)_Dyck_S2_B_ ENGR_1E(02)_Dyck_S2_B_ ENGR_2E(02)_Dyck_S2_B_ _Dyck_S2_C_ RITR_3S(04)D1_Dyck_S2_D_ RTHR_2S(02)_Dyck_S2_D_ RTHR_3S(02)_Dyck_S2_D_ RESR01(LEd)D2_Dyck_S2_D_ MP207V_2S(01)_Dyck-Lyons_S1_A_ _Dyck-Lyons_S1_B_ MP209V_4S(98)_Dyck-Lyons_S1_C_ MP210V_3S(98)_Dyck-Lyons_S1_D_ MP211V_4S(98)_Dyck-Lyons_S2_A_ MP212V_4S(98)_Dyck-Lyons_S2_B_ _Dyck-Lyons_S2_C_ MP206H_1S(03)C2_Dyck-Lyons_S2_C_ MP209V_3S(01)_Dyck-Lyons_S2_D_ RESR01(LEb)_Ellison_S1_A_ ESMR_2M(01)_Ellison_S1_B_ ESMR_3M(01)_Ellison_S1_B_ ESMR_4M(01)_Ellison_S1_B_ MATR_1M(04)_Ellison_S1_B_ ENGC_3M(01)_Ellison_S1_C_ ENGC_4M(01)_Ellison_S1_C_ ENGR_1M(04)_Ellison_S1_C_ ENGR_2M(01)_Ellison_S1_C_ CTSR_3M(01)_Ellison_S1_D_ GEOR_2M(01)_Ellison_S1_D_ GLIR_4M(01)_Ellison_S1_D_ HISR_3M(01)_Ellison_S1_D_ RESR01(LEc)_Ellison_S2_A_ ESMR_2M(01)_Ellison_S2_B_ ESMR_3M(01)_Ellison_S2_B_ ESMR_4M(01)_Ellison_S2_B_ MATR_1M(04)_Ellison_S2_B_ ENGC_3M(01)_Ellison_S2_C_ ENGC_4M(01)_Ellison_S2_C_ ENGR_1M(04)_Ellison_S2_C_ ENGR_2M(01)_Ellison_S2_C_ CTSR_3M(02)_Ellison_S2_D_ GEOR_2M(02)_Ellison_S2_D_ GLIR_4M(02)_Ellison_S2_D_ HISR_3M(02)_Ellison_S2_D_ _Epp-Koop_S1_A_ PCMR_3S(02)_Epp-Koop_S1_B_ PCMR_4S(03)_Epp-Koop_S1_C_ PCMR_3S(03)_Epp-Koop_S1_D_ IAPR_2S(05)_Epp-Koop_S2_A_ IAPR_2S(06)_Epp-Koop_S2_B_ PCMR_3S(05)_Epp-Koop_S2_C_ _Epp-Koop_S2_D_ CS103V_2S(01)_Esposito_S1_A_ CS103V_2S(02)_Esposito_S1_B_ CS102V_1S(01)C1_Esposito_S1_C_ CS102V_1S(02)C2_Esposito_S1_C_ _Esposito_S1_D_ CS104V_3S(01)_Esposito_S2_A_ CS104V_3S(02)_Esposito_S2_B_ CS102V_1S(01)C1_Esposito_S2_C_ CS102V_1S(02)C2_Esposito_S2_C_ _Esposito_S2_D_ _Fast_S1_A_ SCIR_1F(11)A2_Fast_S1_A_ TRMR_1F(10)_Fast_S1_B_ SCIR_1F(10)C1_Fast_S1_C_ _Fast_S1_C_ TRMR_1F(11)_Fast_S1_D_ SCIR_1F(11)A1_Fast_S2_A_ _Fast_S2_A_ MATR_1F(10)_Fast_S2_B_ SCIR_1F(10)C1_Fast_S2_C_ _Fast_S2_C_ MATR_1F(11)_Fast_S2_D_ RITR_1S(09)_Grywinski_S1_A_ _Grywinski_S1_B_ SOSR_1F(08)B2_Grywinski_S1_B_ SOSR_1F(09)C1_Grywinski_S1_C_ _Grywinski_S1_C_ RITR_1S(08)_Grywinski_S1_D_ ENGR_1F(09)_Grywinski_S2_A_ _Grywinski_S2_B_ SOSR_1F(08)B2_Grywinski_S2_B_ SOSR_1F(09)C1_Grywinski_S2_C_ _Grywinski_S2_C_ ENGR_1F(08)_Grywinski_S2_D_ ENGC_3S(01)_Fitkowsky_S1_A_ _Fitkowsky_S1_B_ ENGR_2F(05)_Fitkowsky_S1_C_ ENGT_3S(01)_Fitkowsky_S1_D_ ENGC_3S(05)_Fitkowsky_S2_A_ _Fitkowsky_S2_B_ SOSR_1F(05)C1_Fitkowsky_S2_C_ _Fitkowsky_S2_C_ _Fitkowsky_S2_D_ SOSR_1F(07)D2_Fitkowsky_S2_D_ MP207V_2S(98)_Fowler_S1_A_ MP208V_3S(98)_Fowler_S1_B_ _Fowler_S1_C_ MP206H_1S(02)C2_Fowler_S1_C_ MP213V_4S(01)_Fowler_S1_D_ _Fowler_S2_A_ MP207V_2S(02)_Fowler_S2_B_ MP213V_4S(98)_Fowler_S2_C_ MP214V_4S(98)_Fowler_S2_D_ ENGL_3S(01)_Friesen_S1_A_ ENGL_3S(02)_Friesen_S1_B_ ENGC_3S(03)_Friesen_S1_C_ _Friesen_S1_D_ ENGR_2F(10)_Friesen_S2_A_ _Friesen_S2_B_ ENGR_2F(12)_Friesen_S2_C_ ENGR_2F(15)_Friesen_S2_D_ SCIF_2F(01)_Friesen_S1_A_ _Friesen_S1_B_ SCIF_2F(03)_Friesen_S1_C_ BIOF_3S(01)_Friesen_S1_D_ _Friesen_S2_A_ SCIF_2F(04)_Friesen_S2_B_ BIOF_4S(01)_Friesen_S2_C_ BIOF_3S(02)_Friesen_S2_D_ _Galvao_S1_A_ MP210V_3S(01)_Galvao_S1_B_ MP209V_4S(99)_Galvao_S1_C_ MP210V_3S(99)_Galvao_S1_D_ _Galvao_S2_A_ MP211V_4S(01)_Galvao_S2_B_ MP213V_3S(99)_Galvao_S2_C_ MP214V_4S(99)_Galvao_S2_D_ _Gaudreau_S1_A_ SCIR_2F(02)_Gaudreau_S1_B_ SCIS_2F(02)_Gaudreau_S1_C_ SCIS_2F(03)_Gaudreau_S1_D_ SCIS_2F(04)_Gaudreau_S2_A_ _Gaudreau_S2_B_ SCIS_2F(05)_Gaudreau_S2_C_ SCIR_2F(05)_Gaudreau_S2_D_ _Gebhardt_S1_A_ IAPF_2S(01)_Gebhardt_S1_B_ PCMF_3S(01)_Gebhardt_S1_C_ IAPF_2S(02)_Gebhardt_S1_D_ PCMF_4S(01)_Gebhardt_S2_A_ PCMF_3S(02)_Gebhardt_S2_B_ _Gebhardt_S2_C_ IAPF_2S(03)_Gebhardt_S2_D_ _Graham_S1_A_ _Graham_S1_B_ _Graham_S1_C_ _Graham_S1_D_ _Graham_S2_A_ _Graham_S2_B_ _Graham_S2_C_ _Graham_S2_D_ SOSR_1F(10)A1_Hopko_S1_A_ _Hopko_S1_A_ RITR_1S(11)_Hopko_S1_B_ _Hopko_S1_C_ SOSR_1F(11)C2_Hopko_S1_C_ RITR_1S(10)_Hopko_S1_D_ SOSR_1F(10)A1_Hopko_S2_A_ _Hopko_S2_A_ ENGR_1F(11)_Hopko_S2_B_ _Hopko_S2_C_ SOSR_1F(11)C2_Hopko_S2_C_ ENGR_1F(10)_Hopko_S2_D_ GRAR_3G(01)_Haussler_S1_A_ GRAR_4S(01)_Haussler_S1_B_ _Haussler_S1_C_ GRAR_2G(02)_Haussler_S1_D_ _Haussler_S2_A_ GRAR_3G(04)_Haussler_S2_B_ GRHR_1G(03)C1_Haussler_S2_C_ DM093V_1S(02)C2_Haussler_S2_C_ GRAR_2G(04)_Haussler_S2_D_ SOSR_1F(06)A1_Johnson_S1_A_ _Johnson_S1_A_ RITR_1S(04)_Johnson_S1_B_ _Johnson_S1_C_ SOSR_1F(04)C2_Johnson_S1_C_ RITR_1S(06)_Johnson_S1_D_ SOSR_1F(06)A1_Johnson_S2_A_ _Johnson_S2_A_ ENGR_1F(04)_Johnson_S2_B_ _Johnson_S2_C_ SOSR_1F(04)C2_Johnson_S2_C_ ENGR_1F(06)_Johnson_S2_D_ _Hull_S1_A_ FSTR_2S(02)_Hull_S1_B_ FSTR_4S(02)_Hull_S1_C_ FSTR_2S(01)_Hull_S1_D_ TADR_2S(01)_Hull_S2_A_ TADR_4S(01)_Hull_S2_A_ TADR_2S(02)_Hull_S2_B_ TADR_3S(01)_Hull_S2_B_ C1_Hull_S2_C_ TDHR_1S(01)C2_Hull_S2_C_ FSTR_2S(03)_Hull_S2_D_ ESMR_2S(01)_Isfeld_S1_A_ ESMR_3S(01)_Isfeld_S1_B_ ESMR_2S(02)_Isfeld_S1_C_ _Isfeld_S1_D_ ESMR_2S(03)_Isfeld_S2_A_ ESMR_3S(04)_Isfeld_S2_B_ ESMR_3S(05)_Isfeld_S2_C_ _Isfeld_S2_D_ RITR_1S(13)_Moore_S1_A_ RITR_1S(12)_Moore_S1_B_ SOSR_1F(05)C1_Moore_S1_C_ _Moore_S1_C_ _Moore_S1_D_ SOSR_1F(07)D2_Moore_S1_D_ ENGR_1F(13)_Moore_S2_A_ ENGR_1F(12)_Moore_S2_B_ SOSR_1F(05)C1_Moore_S2_C_ _Moore_S2_C_ _Moore_S2_D_ SOSR_1F(07)D2_Moore_S2_D_ _Knight_S1_A_ _Knight_S1_B_ _Knight_S1_C_ _Knight_S1_D_ _Knight_S2_A_ _Knight_S2_B_ _Knight_S2_C_ _Knight_S2_D_ FNUR_2S(01)_Kramble_S1_A_ FNUR_2S(02)_Kramble_S1_B_ _Kramble_S1_C_ PEP_Kramble_S1_D_ _Kramble_S1_D_ FNUR_2S(04)_Kramble_S2_A_ FNUR_2S(05)_Kramble_S2_B_ _Kramble_S2_C_ FOHR_1S(03)C2_Kramble_S2_C_ _Kramble_S2_D_ _Kutcher_S1_A_ _Kutcher_S1_B_ _Kutcher_S1_C_ _Kutcher_S1_D_ _Kutcher_S2_A_ _Kutcher_S2_B_ _Kutcher_S2_C_ _Kutcher_S2_D_ DRAR_3G(01)_Lachance_S1_A_ DRAR_2G(01)_Lachance_S1_B_ DRHR_1G(01)C1_Lachance_S1_C_ DRHR_1G(02)C2_Lachance_S1_C_ _Lachance_S1_D_ DRAR_4S(01)_Lachance_S2_A_ DRAR_2G(02)_Lachance_S2_B_ DRAR_2G(03)_Lachance_S2_C_ _Lachance_S2_D_ RITR_1S(14)_Neil_S1_A_ TRMR_1F(14)_Neil_S1_B_ SOSR_1F(14)C1_Neil_S1_C_ _Neil_S1_C_ _Neil_S1_D_ SCIR_1F(14)D2_Neil_S1_D_ ENGR_1S(14)_Neil_S2_A_ MATR_1F(14)_Neil_S2_B_ SOSR_1F(14)C1_Neil_S2_C_ _Neil_S2_C_ _Neil_S2_D_ SCIR_1F(14)D2_Neil_S2_D_ MP207V_2S(99)_Leduc_S1_A_ MP208V_3S(99)_Leduc_S1_B_ _Leduc_S1_C_ MP208V_3S(01)_Leduc_S1_D_ MP211V_4S(99)_Leduc_S2_A_ MP212V_4S(99)_Leduc_S2_B_ MP208V_3S(02)_Leduc_S2_C_ _Leduc_S2_D_ _Mackintosh_S1_A_ _Mackintosh_S1_B_ _Mackintosh_S1_C_ _Mackintosh_S1_D_ _Mackintosh_S2_A_ _Mackintosh_S2_B_ _Mackintosh_S2_C_ _Mackintosh_S2_D_ _Mason_S1_A_ _Mason_S1_B_ _Mason_S1_C_ _Mason_S1_D_ _Mason_S2_A_ _Mason_S2_B_ _Mason_S2_C_ _Mason_S2_D_ TRMF_1F(01)_McCaffrey_S1_A_ TRMF_1F(03)_McCaffrey_S1_B_ _McCaffrey_S1_C_ TRMF_1F(02)_McCaffrey_S1_D_ MATF_1F(01)_McCaffrey_S2_A_ MATF_1F(02)_McCaffrey_S2_B_ _McCaffrey_S2_C_ MATF_1F(03)_McCaffrey_S2_D_ RESR01(01)_McIvor_S1_A_ RESR01(02)_McIvor_S1_B_ RESR01(03)_McIvor_S1_C_ RESR01(04)_McIvor_S1_D_ _McIvor_S2_A_ _McIvor_S2_B_ _McIvor_S2_C_ _McIvor_S2_D_ _Ocharuk_S1_A_ SCIR_1F(04)A2_Ocharuk_S1_A_ TRMR_1F(06)_Ocharuk_S1_B_ SCIR_1F(06)C1_Ocharuk_S1_C_ _Ocharuk_S1_C_ TRMR_1F(04)_Ocharuk_S1_D_ _Ocharuk_S2_A_ SCIR_1F(04)A2_Ocharuk_S2_A_ MATR_1F(06)_Ocharuk_S2_B_ SCIR_1F(06)C1_Ocharuk_S2_C_ _Ocharuk_S2_C_ MATR_1F(04)_Ocharuk_S2_D_ LWPR_2S(01)_Moskal_S1_A_ _Moskal_S1_B_ LWPR_2S(06)_Moskal_S1_C_ GEOR_2F(05)_Moskal_S1_D_ LWPR_2S(05)_Moskal_S2_A_ GLIR_4S(01)_Moskal_S2_B_ _Moskal_S2_C_ CTIR_4S(01)_Moskal_S2_D_ PCMR_3S(01)_Mytopher_S1_A_ PCMR_4S(02)_Mytopher_S1_B_ _Mytopher_S1_C_ PCMR_4S(04)_Mytopher_S1_D_ PCME_4S(02)_Mytopher_S2_A_ PCMR_3S(04)_Mytopher_S2_B_ _Mytopher_S2_C_ PCMR_4S(05)_Mytopher_S2_D_ TRMR_1F(12)_Pachkowsky_S1_A_ _Pachkowsky_S1_B_ SCIR_1F(13)B2_Pachkowsky_S1_B_ SCIR_1F(12)C1_Pachkowsky_S1_C_ _Pachkowsky_S1_C_ TRMR_1F(13)_Pachkowsky_S1_D_ MATR_1F(12)_Pachkowsky_S2_A_ _Pachkowsky_S2_B_ SCIR_1F(13)B2_Pachkowsky_S2_B_ SCIR_1F(12)C1_Pachkowsky_S2_C_ _Pachkowsky_S2_C_ MATR_1F(13)_Pachkowsky_S2_D_ IAPR_2S(01)_Neufeld_S1_A_ IAPR_2S(02)_Neufeld_S1_B_ ESMR_3S(02)_Neufeld_S1_C_ _Neufeld_S1_D_ ESMR_3S(03)_Neufeld_S2_A_ ESMR_2S(04)_Neufeld_S2_B_ ESMR_2S(05)_Neufeld_S2_C_ _Neufeld_S2_D_ _Nichol_S1_A_ ENGC_3S(02)_Nichol_S1_B_ ENGR_2F(06)_Nichol_S1_C_ ENGR_2F(08)_Nichol_S1_D_ ENGC_3S(04)_Nichol_S2_A_ ENGC_3S(06)_Nichol_S2_B_ ENGR_2F(13)_Nichol_S2_C_ _Nichol_S2_D_ PHER_1F(11)A1_Queijo_S1_A_ PHER_1F(10)A2_Queijo_S1_A_ PHER_1F(13)B1_Queijo_S1_B_ _Queijo_S1_B_ PHER_4F(04)C1_Queijo_S1_C_ PHER_4F(05)C2_Queijo_S1_C_ _Queijo_S1_D_ PHER_1F(09)D2_Queijo_S1_D_ PHER_1F(11)A1_Queijo_S2_A_ PHER_1F(10)A2_Queijo_S2_A_ PHER_1F(13)B1_Queijo_S2_B_ _Queijo_S2_B_ PHER_4F(09)C1_Queijo_S2_C_ PHER_4F(10)C2_Queijo_S2_C_ _Queijo_S2_D_ PHER_1F(09)D2_Queijo_S2_D_ PHER_2F(01)_Esselmont_S1_A_ PHER_2F(02)_Esselmont_S1_B_ _Esselmont_S1_C_ PHEW_2F(01)D1_Esselmont_S1_D_ PHEW_3F(01)D2_Esselmont_S1_D_ PHEW_4F(01)D2_Esselmont_S1_D_ PHER_2F(07)_Esselmont_S2_A_ PHER_2F(08)_Esselmont_S2_B_ _Esselmont_S2_C_ PHEW_2F(01)D1_Esselmont_S2_D_ PHEW_3F(01)D2_Esselmont_S2_D_ PHEW_4F(01)D2_Esselmont_S2_D_ GEOF_2F(01)_Pereira_S1_A_ SCIF_1F(01)_Pereira_S1_B_ _Pereira_S1_C_ GEOF_2F(02)_Pereira_S1_D_ SCIF_1F(03)_Pereira_S2_A_ GEOF_2F(03)_Pereira_S2_B_ GEOF_2F(04)_Pereira_S2_C_ _Pereira_S2_D_ POMR_3G(01)_Perreault_S1_A_ POMR_2G(01)_Perreault_S1_B_ C1_Perreault_S1_C_ PMHR_1G(02)C2_Perreault_S1_C_ PMOR_2G(02)_Perreault_S1_D_ POMR_2G(03)_Perreault_S2_A_ POMR_4S(01)_Perreault_S2_B_ PMHR_1G(03)C1_Perreault_S2_C_ _Perreault_S2_C_ POMR_2G(03)_Perreault_S2_D_ HISR_3F(01)_Petri_S1_A_ HISR_3F(02)_Petri_S1_B_ _Petri_S1_C_ GEOR_2F(06)_Petri_S1_D_ GEOR_2F(07)_Petri_S2_A_ HISR_3S(11)_Petri_S2_B_ _Petri_S2_C_ HISR_4S(01)_Petri_S2_D_ _Petryshyn_S1_A_ GEOR_2F(03)_Petryshyn_S1_B_ HISR_3F(04)_Petryshyn_S1_C_ HISR_3F(05)_Petryshyn_S1_D_ HISR_3F(07)_Petryshyn_S2_A_ _Petryshyn_S2_B_ HISR_3F(08)_Petryshyn_S2_C_ GEOR_2F(10)_Petryshyn_S2_D_ GEOR_2F(01)_Prociuk_S1_A_ _Prociuk_S1_B_ GEOR_2F(04)_Prociuk_S1_C_ HISR_3F(06)_Prociuk_S1_D_ PSYR_4S(03)_Prociuk_S2_A_ GEOR_2F(08)_Prociuk_S2_B_ PSYR_4S(04)_Prociuk_S2_C_ _Prociuk_S2_D_ AESR_3S(01)_Pura_S1_A_ LWPR_2S(02)_Pura_S1_B_ RTPR_3S(01)_Pura_S1_C_ _Pura_S1_D_ AESR_3S(02)_Pura_S2_A_ LWPR_2S(03)_Pura_S2_B_ _Pura_S2_C_ ASYR_4S(01)_Pura_S2_D_ _Larveld_S1_A_ PHER_2F(03)_Larveld_S1_B_ PHER_3F(03)C1_Larveld_S1_C_ PHER_3F(04)C2_Larveld_S1_C_ PHER_2F(06)_Larveld_S1_D_ PHER_3F(07)A2_Larveld_S2_A_ _Larveld_S2_A_ PHER_2F(09)_Larveld_S2_B_ PHER_3F(09)C1_Larveld_S2_C_ PHER_3F(10)C2_Larveld_S2_C_ PHER_3F(11)D1_Larveld_S2_D_ _Larveld_S2_D_ PCMR_4S(01)_Ramos_S1_A_ _Ramos_S1_B_ ADME_4S(01)_Ramos_S1_C_ PCME_4S(01)_Ramos_S1_D_ ADME_4S(02)_Ramos_S2_A_ _Ramos_S2_B_ AM2R_4S(01)_Ramos_S2_C_ ICAR_4S(01)_Ramos_S2_D_ COSR_3S(01)_RempelSmith_S1_A_ _RempelSmith_S1_B_ DM096V_3S(97)_RempelSmith_S1_C_ DM097V_3S(97)_RempelSmith_S1_D_ COSR_4S(01)_RempelSmith_S2_A_ _RempelSmith_S2_B_ DM094V_2S(02)_RempelSmith_S2_C_ DM097V_3S(01)_RempelSmith_S2_D_ DM099V_4S(01)_RempelSmith_S2_D_ ELER_2G(01)_Ridgedale_S1_A_ ELER_3G(01)_Ridgedale_S1_B_ ELER_4S(01)_Ridgedale_S1_B_ _Ridgedale_S1_C_ ELHR_1G(01)C2_Ridgedale_S1_C_ _Ridgedale_S1_D_ ELER_2G(02)_Ridgedale_S2_A_ ELER_3G(02)_Ridgedale_S2_B_ ELER_4S(02)_Ridgedale_S2_B_ ELHR_1G(02)C1_Ridgedale_S2_C_ ELHR_1G(03)C2_Ridgedale_S2_C_ _Ridgedale_S2_D_ SCIR_2F(01)_Robak_S1_A_ BIOR_4S(01)_Robak_S1_B_ _Robak_S1_C_ BIOR_3S(03)_Robak_S1_D_ _Robak_S2_A_ CTSE_3S(01)_Robak_S2_B_ BIOR_4S(02)_Robak_S2_C_ BIOR_4S(03)_Robak_S2_D_ PHER_3F(01)A1_Swirsky_S1_A_ PHER_4F(01)A2_Swirsky_S1_A_ PHER_4F(03)B1_Swirsky_S1_B_ _Swirsky_S1_B_ PHER_2F(04)_Swirsky_S1_C_ _Swirsky_S1_D_ PHER_3F(05)D2_Swirsky_S1_D_ PHER_3F(06)A1_Swirsky_S2_A_ PHER_4F(07)A2_Swirsky_S2_A_ _Swirsky_S2_B_ PHER_2F(10)_Swirsky_S2_C_ PHER_2F(12)_Swirsky_S2_D_ _Sankovic_S1_A_ BIOR_3S(01)_Sankovic_S1_B_ BIOE_4S(01)_Sankovic_S1_C_ BIOE_4S(02)_Sankovic_S1_D_ _Sankovic_S2_A_ CTSR_3S(01)_Sankovic_S2_B_ BIOP_4S(01)_Sankovic_S2_C_ BIOP_4S(02)_Sankovic_S2_D_ _Sawchuk_S1_A_ _Sawchuk_S1_B_ _Sawchuk_S1_C_ _Sawchuk_S1_D_ _Sawchuk_S2_A_ _Sawchuk_S2_B_ _Sawchuk_S2_C_ _Sawchuk_S2_D_ _Seidel_S1_A_ GEOR_2F(02)_Seidel_S1_B_ SOCY_3G(02)_Seidel_S1_C_ SOCY_3G(01)_Seidel_S1_D_ SOCY_3G(03)_Seidel_S2_A_ _Seidel_S2_B_ GEOR_2F(09)_Seidel_S2_C_ GEOR_2F(11)_Seidel_S2_D_ GRAR_3G(02)_Shewchuk_S1_A_ GRAR_4S(02)_Shewchuk_S1_B_ MP206H_1S(01)C1_Shewchuk_S1_C_ _Shewchuk_S1_C_ GRAR_2G(01)_Shewchuk_S1_D_ GRAR_4S(03)_Shewchuk_S2_A_ _Shewchuk_S2_B_ GRHR_1G(02)C1_Shewchuk_S2_C_ DM093V_1S(03)C2_Shewchuk_S2_C_ GRAR_2G(03)_Shewchuk_S2_D_ _Silver_S1_A_ _Silver_S1_B_ MU2H_1S(01)C1_Silver_S1_C_ _Silver_S1_C_ _Silver_S1_D_ _Silver_S2_A_ _Silver_S2_B_ _Silver_S2_C_ MU2H_1S(02)C2_Silver_S2_C_ _Silver_S2_D_ _Sinclair_S1_A_ _Sinclair_S1_B_ _Sinclair_S1_C_ _Sinclair_S1_D_ _Sinclair_S2_A_ _Sinclair_S2_B_ _Sinclair_S2_C_ _Sinclair_S2_D_ ENGR_2F(01)_Sinosich_S1_A_ ENGR_2F(03)_Sinosich_S1_B_ ENGR_2F(07)_Sinosich_S1_C_ _Sinosich_S1_D_ _Sinosich_S2_A_ ENGR_2F(11)_Sinosich_S2_B_ ENGC_3S(07)_Sinosich_S2_C_ ENGR_2F(16)_Sinosich_S2_D_ _Slavicek_S1_A_ DM095V_3S(01)_Slavicek_S1_B_ DM098V_4S(01)_Slavicek_S1_B_ DM093H_1S(01)C1_Slavicek_S1_C_ GRHR_1G(01)C2_Slavicek_S1_C_ DM094V_2S(01)_Slavicek_S1_D_ DM098V_4S(97)_Slavicek_S2_A_ DM099V_4S(97)_Slavicek_S2_B_ DM096V_3S(01)_Slavicek_S2_C_ _Slavicek_S2_D_ _Slivinski_S1_A_ SCIE_2F(01)_Slivinski_S1_B_ SCIR_2F(03)_Slivinski_S1_C_ ESMR_2S(R1)_Slivinski_S1_D_ _Slivinski_S2_A_ SCIE_2F(03)_Slivinski_S2_B_ SCIR_2F(R1)_Slivinski_S2_C_ ESMR_2S(R2)_Slivinski_S2_D_ ENGL_4S(01)_Stacey_S1_A_ ENGL_4S(03)_Stacey_S1_B_ ENGL_3S(03)_Stacey_S1_C_ _Stacey_S1_D_ ENGC_4S(05)_Stacey_S2_A_ ENGL_3S(04)_Stacey_S2_B_ _Stacey_S2_C_ ENLE_4S(01)_Stacey_S2_D_ _Steeves_S1_A_ PHEF_3F(01)B1_Steeves_S1_B_ PHEF_4F(01)B2_Steeves_S1_B_ PHEF_1F(02)C1_Steeves_S1_C_ PHEF_1F(01)C2_Steeves_S1_C_ PHEF_2F(01)_Steeves_S1_D_ _Steeves_S2_A_ PHEF_3F(02)B1_Steeves_S2_B_ PHEF_4F(02)B2_Steeves_S2_B_ PHEF_1F(02)C1_Steeves_S2_C_ PHEF_1F(01)C2_Steeves_S2_C_ PHEF_2F(03)_Steeves_S2_D_ PSYR_4S(01)_Stein_S1_A_ _Stein_S1_B_ PSYR_4S(02)_Stein_S1_C_ LAWR_4S(01)_Stein_S1_D_ LAWR_4S(02)_Stein_S2_A_ PSYR_4S(05)_Stein_S2_B_ _Stein_S2_C_ LAWR_4S(03)_Stein_S2_D_ DANR_3S(01)_Suban_S1_A_ _Suban_S1_B_ DNHB_1S(01)C1_Suban_S1_C_ DNHB_1S(02)C2_Suban_S1_C_ DANR_2S(01)_Suban_S1_D_ DANR_2S(03)_Suban_S2_A_ _Suban_S2_B_ DNHB_1S(03)C1_Suban_S2_C_ DNHB_1S(04)C2_Suban_S2_C_ DANR_3S(03)_Suban_S2_D_ WOOR_2G(01)_Sudermann_S1_A_ WOOR_3G(01)_Sudermann_S1_B_ WOHR_1G(01)C1_Sudermann_S1_C_ WOHR_1G(02)C2_Sudermann_S1_C_ _Sudermann_S1_D_ WOOR_3G(02)_Sudermann_S2_A_ WOOR_4S(01)_Sudermann_S2_A_ WOOR_2G(02)_Sudermann_S2_B_ _Sudermann_S2_C_ WOHR_1G(03)C2_Sudermann_S2_C_ _Sudermann_S2_D_ TRMR_1F(07)_Russell_S1_A_ SCIR_1F(05)B1_Russell_S1_B_ _Russell_S1_B_ _Russell_S1_C_ SCIR_1F(07)C2_Russell_S1_C_ TRMR_1F(05)_Russell_S1_D_ MATR_1F(07)_Russell_S2_A_ SCIR_1F(05)B1_Russell_S2_B_ _Russell_S2_B_ _Russell_S2_C_ SCIR_1F(07)C2_Russell_S2_C_ MATR_1F(05)_Russell_S2_D_ FNUR_3S(01)_Tao_S1_A_ FNUR_3S(02)_Tao_S1_B_ FOHR_1S(01)C1_Tao_S1_C_ _Tao_S1_C_ FNUR_4S(01)_Tao_S1_D_ FNUR_2S(03)_Tao_S2_A_ FNUR_3S(03)_Tao_S2_B_ FOHR_1S(02)C1_Tao_S2_C_ _Tao_S2_C_ FNUR_4S(02)_Tao_S2_D_ SCIF_1F(02)_TEACHERV_S1_A_ SCIF_2F(02)_TEACHERV_S1_B_ Fraf_2F(02)_TEACHERV_S1_C_ _TEACHERV_S1_D_ _TEACHERV_S2_A_ _TEACHERV_S2_B_ _TEACHERV_S2_C_ _TEACHERV_S2_D_ HISF_3F(01)_TeacherX_S1_A_ HISF_3F(02)_TeacherX_S1_B_ _TeacherX_S1_C_ SCHF_1F(03)_TeacherX_S1_D_ _TeacherX_S2_A_ SCHF_1F(01)_TeacherX_S2_B_ HISF_3F(03)_TeacherX_S2_C_ SCHF_1F(02)_TeacherX_S2_D_ ENGW_4S(01)A1_TeacherY_S1_A_ ENGW_3S(01)A2_TeacherY_S1_A_ HISW_3S(01)B1_TeacherY_S1_B_ GLIW_4S(01)B2_TeacherY_S1_B_ ENGW_2F(01)C1_TeacherY_S1_C_ C2_TeacherY_S1_C_ PEP-Option_3(01)D1_TeacherY_S1_D_ PHEW_3F(01)D2_TeacherY_S1_D_ _TeacherY_S1_D_ ENGW_4S(01)A1_TeacherY_S2_A_ ENGW_3S(01)A2_TeacherY_S2_A_ HISW_3S(01)B1_TeacherY_S2_B_ GLIW_4S(01)B2_TeacherY_S2_B_ ENGW_2F(01)C1_TeacherY_S2_C_ C2_TeacherY_S2_C_ PEP-Option_3(01)D1_TeacherY_S2_D_ PE_TeacherY_S2_D_ Support_TeacherY_S2_D_ D2_TeacherY_S2_D_ _TeacherY_S2_D_ ESMW_3S(01)A1_TeacherZ_S1_A_ ESMW_4S(01)A2_TeacherZ_S1_A_ INSW_4S(01)B1_TeacherZ_S1_B_ CTSW_3S(01)B2_TeacherZ_S1_B_ PEP-Option_3(02)C1_TeacherZ_S1_C_ ESMW_2S(01)C2_TeacherZ_S1_C_ D1_TeacherZ_S1_D_ PHEW_4F(01)D2_TeacherZ_S1_D_ ESMW_3S(01)A1_TeacherZ_S2_A_ ESMW_4S(01)A2_TeacherZ_S2_A_ INSW_4S(01)B1_TeacherZ_S2_B_ CTSW_3S(01)B2_TeacherZ_S2_B_ PEP-Option_3(02)C1_TeacherZ_S2_C_ ESMW_2S(01)C2_TeacherZ_S2_C_ D1_TeacherZ_S2_D_ PE_TeacherZ_S2_D_ Support_TeacherZ_S2_D_ D2_TeacherZ_S2_D_ LWPR_2S(WE)A1_Thwaites_S1_A_ SCIW_2F(01)A2_Thwaites_S1_A_ PEP-Option_2(01)_Thwaites_S1_B_ PrepC1_Thwaites_S1_C_ _Thwaites_S1_C_ LWBR_3S(01)C2_Thwaites_S1_C_ PHEW_2F(01)D1_Thwaites_S1_D_ GEOW_2S(01)D2_Thwaites_S1_D_ LWPR_2S(WE)A1_Thwaites_S2_A_ SCIW_2F(01)A2_Thwaites_S2_A_ PEP-Option_2(01)_Thwaites_S2_B_ PrepC1_Thwaites_S2_C_ _Thwaites_S2_C_ LWBR_3S(01)C2_Thwaites_S2_C_ LWTF_4S(01)D1_Thwaites_S2_D_ GEOW_2S(01)D2_Thwaites_S2_D_ _Trethart_S1_A_ INSR_4S(01)_Trethart_S1_B_ ECPR_4S(01)_Trethart_S1_C_ BIOR_3S(02)_Trethart_S1_D_ BIOR_3S(04)_Trethart_S2_A_ BIOR_3S(05)_Trethart_S2_B_ BIOR_3S(06)_Trethart_S2_C_ _Trethart_S2_D_ PH1P_4S(01)_Truderung_S1_A_ PHYE_3S(01)_Truderung_S1_B_ _Truderung_S1_C_ PHYR_3S(02)_Truderung_S1_D_ _Truderung_S2_A_ PHYE_4S(01)_Truderung_S2_B_ PHYR_3S(04)_Truderung_S2_C_ PHYR_4S(04)_Truderung_S2_D_ FILF_1F(03)_Villa_S1_A_ ENGF_1F(02)_Villa_S1_B_ _Villa_S1_C_ FILF_1F(01)_Villa_S1_D_ FILF_1F(02)_Villa_S2_A_ ENGF_1F(03)_Villa_S2_B_ _Villa_S2_C_ ENGF_1F(01)_Villa_S2_D_ FSTR_3S(01)_Waller_S1_A_ FSTR_4S(02)_Waller_S1_B_ FSTR_3S(02)_Waller_S1_C_ _Waller_S1_D_ FSTR_3S(03)_Waller_S2_A_ _Waller_S2_B_ FSTR_4S(03)_Waller_S2_C_ FSTR_4S(04)_Waller_S2_D_ ENGC_3M(04)A1_Wesley_S1_A_ ENGC_4M(02)_Wesley_S1_A_ ENGR_2M(03)_Wesley_S1_A_ ESMR_2M(04)A2_Wesley_S1_A_ ESMR_3M(03)_Wesley_S1_A_ ESMR_4M(02)_Wesley_S1_A_ MATR_1M(05)_Wesley_S1_A_ RESR01(05)_Wesley_S1_B_ LWPR_2M(01)C1_Wesley_S1_C_ _Wesley_S1_C_ _Wesley_S1_D_ LWER_1M(02)D2_Wesley_S1_D_ LWPR_2M(02)_Wesley_S1_D_ _Wesley_S2_A_ _Wesley_S2_B_ _Wesley_S2_C_ _Wesley_S2_D_ PHER_1F(04)A1_Witzke_S1_A_ PHER_1F(06)A2_Witzke_S1_A_ PHER_1F(08)B1_Witzke_S1_B_ PHER_3F(02)B2_Witzke_S1_B_ _Witzke_S1_C_ PHER_1F(07)D1_Witzke_S1_D_ PHER_1F(12)D2_Witzke_S1_D_ PHER_1F(04)A1_Witzke_S2_A_ PHER_1F(06)A2_Witzke_S2_A_ PHER_1F(08)B1_Witzke_S2_B_ PHER_3F(08)B2_Witzke_S2_B_ _Witzke_S2_C_ PHER_1F(07)D1_Witzke_S2_D_ PHER_1F(12)D2_Witzke_S2_D_ LWPR_2S(WE)A1_Wright_S1_A_ SCIW_2F(01)A2_Wright_S1_A_ PEP-Option_2(01)_Wright_S1_B_ PrepC1_Wright_S1_C_ _Wright_S1_C_ LWBR_3S(01)C2_Wright_S1_C_ PHEW_2F(01)D1_Wright_S1_D_ GEOW_2S(01)D2_Wright_S1_D_ LWPR_2S(WE)A1_Wright_S2_A_ SCIW_2F(01)A2_Wright_S2_A_ PEP-Option_2(01)_Wright_S2_B_ PrepC1_Wright_S2_C_ _Wright_S2_C_ LWBR_3S(01)C2_Wright_S2_C_ LWTF_4S(01)D1_Wright_S2_D_ GEOW_2S(01)D2_Wright_S2_D_ IAPE_2S(01)_Yosyk_S1_A_ _Yosyk_S1_B_ PCME_3S(01)_Yosyk_S1_C_ IAPR_2S(04)_Yosyk_S1_D_ PCME_3S(02)_Yosyk_S2_A_ _Yosyk_S2_B_ IAPR_2S(07)_Yosyk_S2_C_ IAPR_2S(08)_Yosyk_S2_D_ TRMR_1F(08)_Zhao_S1_A_ TRMR_1F(09)_Zhao_S1_B_ _Zhao_S1_C_ SCIR_1F(08)C2_Zhao_S1_C_ SCIR_1F(09)D1_Zhao_S1_D_ _Zhao_S1_D_ MATR_1F(08)_Zhao_S2_A_ MATR_1F(09)_Zhao_S2_B_ _Zhao_S2_C_ SCIR_1F(08)C2_Zhao_S2_C_ SCIR_1F(09)D1_Zhao_S2_D_ _Zhao_S2_D_ ENGL_4S(02)_Zurbuchen_S1_A_ _Zurbuchen_S1_B_ ENGC_4S(04)_Zurbuchen_S1_C_ ENGL_3S(06)_Zurbuchen_S1_D_ ENGL_4S(05)_Zurbuchen_S2_A_ ENGR_2F(09)_Zurbuchen_S2_B_ _Zurbuchen_S2_C_ CHER_3S(06)_Zurbuchen_S2_D_ _ZZPLACEHOLDER_S1_A_ _ZZPLACEHOLDER_S1_B_ _ZZPLACEHOLDER_S1_C_ _ZZPLACEHOLDER_S1_D_ _ZZPLACEHOLDER_S2_A_ _ZZPLACEHOLDER_S2_B_ _ZZPLACEHOLDER_S2_C_ _ZZPLACEHOLDER_S2_D_ | X3: =IFERROR(RANK(Y3,Y:Y,1),"") | Y3: =IFERROR(IF(FIND("(",AA3)>0,Z3,""),"") | Z3: 1 | AA3: =IFERROR(VLOOKUP(Z3,T:V,3,FALSE),"") -> _Alfaro_S1_D_
A4: ="_"&SUBSTITUTE(IFERROR(LEFT(Master!B8, FIND(",", Master!B8) - 1),Master!B8)," ","") -> _Alibudbud | B4: =SUBSTITUTE(SUBSTITUTE(SUBSTITUTE(SUBSTITUTE(SUBSTITUTE(IFERROR(SUBSTITUTE(Master!D8,CHAR(10)," "),Master!D8)," ",$A4&B$1&" ")&$A4&B$1," "&$A4&B$1&" "," ")," "&$A4&B$1&" "," ")," "&$A4&B$1&" "," ")," "&$A4&B$1&" "," ") -> DM094V_2S(97)_Alibudbud_S1_A_ | C4: =SUBSTITUTE(SUBSTITUTE(SUBSTITUTE(SUBSTITUTE(SUBSTITUTE(IFERROR(SUBSTITUTE(Master!E8,CHAR(10)," "),Master!E8)," ",$A4&C$1&" ")&$A4&C$1," "&$A4&C$1&" "," ")," "&$A4&C$1&" "," ")," "&$A4&C$1&" "," ")," "&$A4&C$1&" "," ") -> DM095V_3S(97)_Alibudbud_S1_B_ | D4: =SUBSTITUTE(SUBSTITUTE(SUBSTITUTE(SUBSTITUTE(SUBSTITUTE(IFERROR(SUBSTITUTE(Master!F8,CHAR(10)," "),Master!F8)," ",$A4&D$1&" ")&$A4&D$1," "&$A4&D$1&" "," ")," "&$A4&D$1&" "," ")," "&$A4&D$1&" "," ")," "&$A4&D$1&" "," ") -> DM100V_4S(01)_Alibudbud_S1_C_ MP212V_4S(01)_Alibudbud_S1_C_ | E4: =SUBSTITUTE(SUBSTITUTE(SUBSTITUTE(SUBSTITUTE(SUBSTITUTE(IFERROR(SUBSTITUTE(Master!G8,CHAR(10)," "),Master!G8)," ",$A4&E$1&" ")&$A4&E$1," "&$A4&E$1&" "," ")," "&$A4&E$1&" "," ")," "&$A4&E$1&" "," ")," "&$A4&E$1&" "," ") -> PREP_Alibudbud_S1_D_ | F4: =SUBSTITUTE(SUBSTITUTE(SUBSTITUTE(SUBSTITUTE(SUBSTITUTE(IFERROR(SUBSTITUTE(Master!H8,CHAR(10)," "),Master!H8)," ",$A4&F$1&" ")&$A4&F$1," "&$A4&F$1&" "," ")," "&$A4&F$1&" "," ")," "&$A4&F$1&" "," ")," "&$A4&F$1&" "," ") -> DM101V_4S(01)_Alibudbud_S2_A_ MP214V_4S(01)_Alibudbud_S2_A_ | G4: =SUBSTITUTE(SUBSTITUTE(SUBSTITUTE(SUBSTITUTE(SUBSTITUTE(IFERROR(SUBSTITUTE(Master!I8,CHAR(10)," "),Master!I8)," ",$A4&G$1&" ")&$A4&G$1," "&$A4&G$1&" "," ")," "&$A4&G$1&" "," ")," "&$A4&G$1&" "," ")," "&$A4&G$1&" "," ") -> PREP_Alibudbud_S2_B_ | H4: =SUBSTITUTE(SUBSTITUTE(SUBSTITUTE(SUBSTITUTE(SUBSTITUTE(IFERROR(SUBSTITUTE(Master!J8,CHAR(10)," "),Master!J8)," ",$A4&H$1&" ")&$A4&H$1," "&$A4&H$1&" "," ")," "&$A4&H$1&" "," ")," "&$A4&H$1&" "," ")," "&$A4&H$1&" "," ") -> DM100V_4S(97)_Alibudbud_S2_C_ | I4: =SUBSTITUTE(SUBSTITUTE(SUBSTITUTE(SUBSTITUTE(SUBSTITUTE(IFERROR(SUBSTITUTE(Master!K8,CHAR(10)," "),Master!K8)," ",$A4&I$1&" ")&$A4&I$1," "&$A4&I$1&" "," ")," "&$A4&I$1&" "," ")," "&$A4&I$1&" "," ")," "&$A4&I$1&" "," ") -> DM101V_4S(97)_Alibudbud_S2_D_ | N4: =_xlfn.TEXTJOIN(" ", TRUE, B4:I4) -> DM094V_2S(97)_Alibudbud_S1_A_ DM095V_3S(97)_Alibudbud_S1_B_ DM100V_4S(01)_Alibudbud_S1_C_ MP212V_4S(01)_Alibudbud_S1_C_ PREP_Alibudbud_S1_D_ DM101V_4S(01)_Alibudbud_S2_A_ MP214V_4S(01)_Alibudbud_S2_A_ PREP_Alibudbud_S2_B_ DM100V_4S(97)_Alibudbud_S2_C_ DM101V_4S(97)_Alibudbud_S2_D_ | O4: =A4 -> _Alibudbud | P4: =P3&" "&N4 -> ENGR_2F(02)_Alfaro_S1_A_ ENGR_2F(04)_Alfaro_S1_B_ PHEF_1F(02)C1_Alfaro_S1_C_ PHEF_1F(01)C2_Alfaro_S1_C_ PREP_Alfaro_S1_D_ PHEF_2F(02)_Alfaro_S2_A_ ENGR_2F(R1)_Alfaro_S2_B_ PHEF_1F(02)C1_Alfaro_S2_C_ PHEF_1F(01)C2_Alfaro_S2_C_ PREP_Alfaro_S2_D_ PREP_Alford_S1_A_ PREP_Alford_S1_B_ PREP_Alford_S1_C_ PREP_Alford_S1_D_ PREP_Alford_S2_A_ PREP_Alford_S2_B_ PREP_Alford_S2_C_ PREP_Alford_S2_D_ DM094V_2S(97)_Alibudbud_S1_A_ DM095V_3S(97)_Alibudbud_S1_B_ DM100V_4S(01)_Alibudbud_S1_C_ MP212V_4S(01)_Alibudbud_S1_C_ PREP_Alibudbud_S1_D_ DM101V_4S(01)_Alibudbud_S2_A_ MP214V_4S(01)_Alibudbud_S2_A_ PREP_Alibudbud_S2_B_ DM100V_4S(97)_Alibudbud_S2_C_ DM101V_4S(97)_Alibudbud_S2_D_ | Q4: xxx | T4: =COUNTIF($V$1:$V$1200, "<=" & V4) -> 526 | U4: 2 | V4: =TRIM(_xlfn.TEXTBEFORE(W3, " ")) -> ENGR_2F(04)_Alfaro_S1_B_ | W4: =TRIM(MID(W3, LEN(V4)+1, LEN(W3) - LEN(V4))) -> PHEF_1F(02)C1_Alfaro_S1_C_ PHEF_1F(01)C2_Alfaro_S1_C_ _Alfaro_S1_D_ PHEF_2F(02)_Alfaro_S2_A_ ENGR_2F(R1)_Alfaro_S2_B_ PHEF_1F(02)C1_Alfaro_S2_C_ PHEF_1F(01)C2_Alfaro_S2_C_ _Alfaro_S2_D_ _Alford_S1_A_ _Alford_S1_B_ _Alford_S1_C_ _Alford_S1_D_ _Alford_S2_A_ _Alford_S2_B_ _Alford_S2_C_ _Alford_S2_D_ DM094V_2S(97)_Alibudbud_S1_A_ DM095V_3S(97)_Alibudbud_S1_B_ DM100V_4S(01)_Alibudbud_S1_C_ MP212V_4S(01)_Alibudbud_S1_C_ _Alibudbud_S1_D_ DM101V_4S(01)_Alibudbud_S2_A_ MP214V_4S(01)_Alibudbud_S2_A_ _Alibudbud_S2_B_ DM100V_4S(97)_Alibudbud_S2_C_ DM101V_4S(97)_Alibudbud_S2_D_ _Anastasiadis_S1_A_ _Anastasiadis_S1_B_ _Anastasiadis_S1_C_ _Anastasiadis_S1_D_ _Anastasiadis_S2_A_ _Anastasiadis_S2_B_ _Anastasiadis_S2_C_ _Anastasiadis_S2_D_ MAPF_3S(01)_Anis_S1_A_ _Anis_S1_B_ falf_3S(01)_Anis_S1_C_ PSYF_4S(01)_Anis_S1_D_ falf_3S(02)_Anis_S2_A_ _Anis_S2_B_ falf_3S(03)_Anis_S2_C_ MAPF_4S(01)_Anis_S2_D_ _Athayde_S1_A_ SCIS_2F(01)_Athayde_S1_B_ _Athayde_S1_C_ DANR_4S(01)_Athayde_S1_D_ _Athayde_S2_A_ DANR_2S(02)_Athayde_S2_B_ _Athayde_S2_C_ DANR_4S(02)_Athayde_S2_D_ _Bara_S1_A_ _Bara_S1_B_ _Bara_S1_C_ _Bara_S1_D_ _Bara_S2_A_ _Bara_S2_B_ _Bara_S2_C_ _Bara_S2_D_ PHER_4F(02)A1_Barnych_S1_A_ _Barnych_S1_A_ _Barnych_S1_B_ PHER_1F(05)B2_Barnych_S1_B_ PHER_2F(05)_Barnych_S1_C_ PHER_1F(14)D1_Barnych_S1_D_ PHER_4F(06)D2_Barnych_S1_D_ _Barnych_S2_A_ PHER_4F(08)B1_Barnych_S2_B_ PHER_1F(05)B2_Barnych_S2_B_ PHER_2F(11)_Barnych_S2_C_ PHER_1F(14)D1_Barnych_S2_D_ PHER_4F(11)D2_Barnych_S2_D_ CS109V_4S(01)_Bazilewich_S1_A_ CS105V_3S(01)_Bazilewich_S1_B_ CS106V_3S(01)_Bazilewich_S1_C_ _Bazilewich_S1_D_ CS108V_4S(01)_Bazilewich_S2_A_ CS106V_3S(02)_Bazilewich_S2_B_ CS111V_4S(01)_Bazilewich_S2_C_ _Bazilewich_S2_D_ falf_4S(01)_Beckett_S1_A_ falf_4S(02)_Beckett_S1_B_ _Beckett_S1_C_ Fraf_2F(01)_Beckett_S1_D_ Fraf_2F(03)_Beckett_S2_A_ falf_4S(03)_Beckett_S2_B_ Fraf_2F(04)_Beckett_S2_C_ _Beckett_S2_D_ RITR_1S(05)_Bilewitch_S1_A_ RITR_1S(07)_Bilewitch_S1_B_ SOSR_1F(05)C1_Bilewitch_S1_C_ _Bilewitch_S1_C_ _Bilewitch_S1_D_ SOSR_1F(07)D2_Bilewitch_S1_D_ ENGR_1F(05)_Bilewitch_S2_A_ ENGR_1F(07)_Bilewitch_S2_B_ SOSR_1F(05)C1_Bilewitch_S2_C_ _Bilewitch_S2_C_ _Bilewitch_S2_D_ SOSR_1F(07)D2_Bilewitch_S2_D_ _Boyes_S1_A_ _Boyes_S1_B_ MCCR_1S(01)C1_Boyes_S1_C_ _Boyes_S1_C_ _Boyes_S1_D_ _Boyes_S2_A_ _Boyes_S2_B_ MCCR_1S(01)C1_Boyes_S2_C_ _Boyes_S2_C_ _Boyes_S2_D_ _Buller_S1_A_ _Buller_S1_B_ _Buller_S1_C_ _Buller_S1_D_ _Buller_S2_A_ _Buller_S2_B_ _Buller_S2_C_ _Buller_S2_D_ BMAR_4S(01)_Buskell_S1_A_ BMAR_4S(02)_Buskell_S1_B_ _Buskell_S1_C_ CS107V_4S(01)_Buskell_S1_D_ BMAR_4S(03)_Buskell_S2_A_ _Buskell_S2_B_ LWPR_2S(04)_Buskell_S2_C_ CS103V_2S(03)_Buskell_S2_D_ ENGC_4S(01)_Carpick_S1_A_ _Carpick_S1_B_ ENGC_4S(03)_Carpick_S1_C_ ENGL_4S(04)_Carpick_S1_D_ _Carpick_S2_A_ ENGC_4S(06)_Carpick_S2_B_ ENGC_4S(07)_Carpick_S2_C_ ENGL_3S(05)_Carpick_S2_D_ CHER_4S(01)_Carrington_S1_A_ _Carrington_S1_B_ CHER_3S(02)_Carrington_S1_C_ CHER_3S(03)_Carrington_S1_D_ _Carrington_S2_A_ CHER_4S(03)_Carrington_S2_B_ CHER_4S(04)_Carrington_S2_C_ CHER_3S(05)_Carrington_S2_D_ PHYR_3S(01)_Clifford_S1_A_ _Clifford_S1_B_ PHYR_4S(01)_Clifford_S1_C_ PHYR_4S(02)_Clifford_S1_D_ SCIR_2F(04)_Clifford_S2_A_ PHYR_3S(03)_Clifford_S2_B_ PHYR_4S(03)_Clifford_S2_C_ _Clifford_S2_D_ _Cooper_S1_A_ ENGC_4S(02)_Cooper_S1_B_ ENGT_4S(01)_Cooper_S1_C_ ENGT_4S(02)_Cooper_S1_D_ _Cooper_S2_A_ ENGT_4S(03)_Cooper_S2_B_ ENGC_4S(08)_Cooper_S2_C_ ENGC_4S(09)_Cooper_S2_D_ ESMR_4S(03)_DeGrave_S1_A_ ESMR_4S(01)_DeGrave_S1_B_ IAPR_2S(03)_DeGrave_S1_C_ _DeGrave_S1_D_ ESMR_4S(04)_DeGrave_S2_A_ ESMR_4S(05)_DeGrave_S2_B_ _DeGrave_S2_C_ ESMR_3S(06)_DeGrave_S2_D_ CHER_3S(01)_Dionisio_S1_A_ CHEE_4S(01)_Dionisio_S1_B_ CHER_4S(02)_Dionisio_S1_C_ _Dionisio_S1_D_ _Dionisio_S2_A_ CHEP_4S(01)_Dionisio_S2_B_ CHER_3S(04)_Dionisio_S2_C_ CHEE_3S(01)_Dionisio_S2_D_ D1MR_2S(01)_Dizor_S1_A_ D1MR_3S(01)_Dizor_S1_A_ D1MR_4S(01)_Dizor_S1_A_ HISR_3F(03)_Dizor_S1_B_ CMHR_4S(01)_Dizor_S1_C_ _Dizor_S1_D_ D1MR_2S(02)_Dizor_S2_A_ D1MR_3S(02)_Dizor_S2_A_ D1MR_4S(02)_Dizor_S2_A_ HISR_3F(09)_Dizor_S2_B_ _Dizor_S2_C_ HISR_3F(10)_Dizor_S2_D_ APMR_3S(01)_Doerksen_S1_A_ APMR_4S(01)_Doerksen_S1_B_ ESMR_4S(02)_Doerksen_S1_C_ _Doerksen_S1_D_ APMR_3S(02)_Doerksen_S2_A_ APMR_4S(02)_Doerksen_S2_B_ ESMR_4S(06)_Doerksen_S2_C_ _Doerksen_S2_D_ EALR_4S(01)_Dyck_S1_A_ LS1R_1F(01)_Dyck_S1_A_ LS2R_2F(01)_Dyck_S1_A_ LS3R_3F(01)_Dyck_S1_A_ ENGC_3E(01)_Dyck_S1_B_ ENGC_4E(01)_Dyck_S1_B_ ENGR_1E(01)_Dyck_S1_B_ ENGR_2E(01)_Dyck_S1_B_ _Dyck_S1_C_ RITR_3S(03)D1_Dyck_S1_D_ RTHR_2S(01)_Dyck_S1_D_ RTHR_3S(01)_Dyck_S1_D_ _Dyck_S1_D_ EALR_4S(02)_Dyck_S2_A_ ENGC_3E(03)_Dyck_S2_A_ LS1R_1F(02)_Dyck_S2_A_ LS2R_2F(02)_Dyck_S2_A_ ENGC_3E(02)_Dyck_S2_B_ ENGC_4E(02)_Dyck_S2_B_ ENGR_1E(02)_Dyck_S2_B_ ENGR_2E(02)_Dyck_S2_B_ _Dyck_S2_C_ RITR_3S(04)D1_Dyck_S2_D_ RTHR_2S(02)_Dyck_S2_D_ RTHR_3S(02)_Dyck_S2_D_ RESR01(LEd)D2_Dyck_S2_D_ MP207V_2S(01)_Dyck-Lyons_S1_A_ _Dyck-Lyons_S1_B_ MP209V_4S(98)_Dyck-Lyons_S1_C_ MP210V_3S(98)_Dyck-Lyons_S1_D_ MP211V_4S(98)_Dyck-Lyons_S2_A_ MP212V_4S(98)_Dyck-Lyons_S2_B_ _Dyck-Lyons_S2_C_ MP206H_1S(03)C2_Dyck-Lyons_S2_C_ MP209V_3S(01)_Dyck-Lyons_S2_D_ RESR01(LEb)_Ellison_S1_A_ ESMR_2M(01)_Ellison_S1_B_ ESMR_3M(01)_Ellison_S1_B_ ESMR_4M(01)_Ellison_S1_B_ MATR_1M(04)_Ellison_S1_B_ ENGC_3M(01)_Ellison_S1_C_ ENGC_4M(01)_Ellison_S1_C_ ENGR_1M(04)_Ellison_S1_C_ ENGR_2M(01)_Ellison_S1_C_ CTSR_3M(01)_Ellison_S1_D_ GEOR_2M(01)_Ellison_S1_D_ GLIR_4M(01)_Ellison_S1_D_ HISR_3M(01)_Ellison_S1_D_ RESR01(LEc)_Ellison_S2_A_ ESMR_2M(01)_Ellison_S2_B_ ESMR_3M(01)_Ellison_S2_B_ ESMR_4M(01)_Ellison_S2_B_ MATR_1M(04)_Ellison_S2_B_ ENGC_3M(01)_Ellison_S2_C_ ENGC_4M(01)_Ellison_S2_C_ ENGR_1M(04)_Ellison_S2_C_ ENGR_2M(01)_Ellison_S2_C_ CTSR_3M(02)_Ellison_S2_D_ GEOR_2M(02)_Ellison_S2_D_ GLIR_4M(02)_Ellison_S2_D_ HISR_3M(02)_Ellison_S2_D_ _Epp-Koop_S1_A_ PCMR_3S(02)_Epp-Koop_S1_B_ PCMR_4S(03)_Epp-Koop_S1_C_ PCMR_3S(03)_Epp-Koop_S1_D_ IAPR_2S(05)_Epp-Koop_S2_A_ IAPR_2S(06)_Epp-Koop_S2_B_ PCMR_3S(05)_Epp-Koop_S2_C_ _Epp-Koop_S2_D_ CS103V_2S(01)_Esposito_S1_A_ CS103V_2S(02)_Esposito_S1_B_ CS102V_1S(01)C1_Esposito_S1_C_ CS102V_1S(02)C2_Esposito_S1_C_ _Esposito_S1_D_ CS104V_3S(01)_Esposito_S2_A_ CS104V_3S(02)_Esposito_S2_B_ CS102V_1S(01)C1_Esposito_S2_C_ CS102V_1S(02)C2_Esposito_S2_C_ _Esposito_S2_D_ _Fast_S1_A_ SCIR_1F(11)A2_Fast_S1_A_ TRMR_1F(10)_Fast_S1_B_ SCIR_1F(10)C1_Fast_S1_C_ _Fast_S1_C_ TRMR_1F(11)_Fast_S1_D_ SCIR_1F(11)A1_Fast_S2_A_ _Fast_S2_A_ MATR_1F(10)_Fast_S2_B_ SCIR_1F(10)C1_Fast_S2_C_ _Fast_S2_C_ MATR_1F(11)_Fast_S2_D_ RITR_1S(09)_Grywinski_S1_A_ _Grywinski_S1_B_ SOSR_1F(08)B2_Grywinski_S1_B_ SOSR_1F(09)C1_Grywinski_S1_C_ _Grywinski_S1_C_ RITR_1S(08)_Grywinski_S1_D_ ENGR_1F(09)_Grywinski_S2_A_ _Grywinski_S2_B_ SOSR_1F(08)B2_Grywinski_S2_B_ SOSR_1F(09)C1_Grywinski_S2_C_ _Grywinski_S2_C_ ENGR_1F(08)_Grywinski_S2_D_ ENGC_3S(01)_Fitkowsky_S1_A_ _Fitkowsky_S1_B_ ENGR_2F(05)_Fitkowsky_S1_C_ ENGT_3S(01)_Fitkowsky_S1_D_ ENGC_3S(05)_Fitkowsky_S2_A_ _Fitkowsky_S2_B_ SOSR_1F(05)C1_Fitkowsky_S2_C_ _Fitkowsky_S2_C_ _Fitkowsky_S2_D_ SOSR_1F(07)D2_Fitkowsky_S2_D_ MP207V_2S(98)_Fowler_S1_A_ MP208V_3S(98)_Fowler_S1_B_ _Fowler_S1_C_ MP206H_1S(02)C2_Fowler_S1_C_ MP213V_4S(01)_Fowler_S1_D_ _Fowler_S2_A_ MP207V_2S(02)_Fowler_S2_B_ MP213V_4S(98)_Fowler_S2_C_ MP214V_4S(98)_Fowler_S2_D_ ENGL_3S(01)_Friesen_S1_A_ ENGL_3S(02)_Friesen_S1_B_ ENGC_3S(03)_Friesen_S1_C_ _Friesen_S1_D_ ENGR_2F(10)_Friesen_S2_A_ _Friesen_S2_B_ ENGR_2F(12)_Friesen_S2_C_ ENGR_2F(15)_Friesen_S2_D_ SCIF_2F(01)_Friesen_S1_A_ _Friesen_S1_B_ SCIF_2F(03)_Friesen_S1_C_ BIOF_3S(01)_Friesen_S1_D_ _Friesen_S2_A_ SCIF_2F(04)_Friesen_S2_B_ BIOF_4S(01)_Friesen_S2_C_ BIOF_3S(02)_Friesen_S2_D_ _Galvao_S1_A_ MP210V_3S(01)_Galvao_S1_B_ MP209V_4S(99)_Galvao_S1_C_ MP210V_3S(99)_Galvao_S1_D_ _Galvao_S2_A_ MP211V_4S(01)_Galvao_S2_B_ MP213V_3S(99)_Galvao_S2_C_ MP214V_4S(99)_Galvao_S2_D_ _Gaudreau_S1_A_ SCIR_2F(02)_Gaudreau_S1_B_ SCIS_2F(02)_Gaudreau_S1_C_ SCIS_2F(03)_Gaudreau_S1_D_ SCIS_2F(04)_Gaudreau_S2_A_ _Gaudreau_S2_B_ SCIS_2F(05)_Gaudreau_S2_C_ SCIR_2F(05)_Gaudreau_S2_D_ _Gebhardt_S1_A_ IAPF_2S(01)_Gebhardt_S1_B_ PCMF_3S(01)_Gebhardt_S1_C_ IAPF_2S(02)_Gebhardt_S1_D_ PCMF_4S(01)_Gebhardt_S2_A_ PCMF_3S(02)_Gebhardt_S2_B_ _Gebhardt_S2_C_ IAPF_2S(03)_Gebhardt_S2_D_ _Graham_S1_A_ _Graham_S1_B_ _Graham_S1_C_ _Graham_S1_D_ _Graham_S2_A_ _Graham_S2_B_ _Graham_S2_C_ _Graham_S2_D_ SOSR_1F(10)A1_Hopko_S1_A_ _Hopko_S1_A_ RITR_1S(11)_Hopko_S1_B_ _Hopko_S1_C_ SOSR_1F(11)C2_Hopko_S1_C_ RITR_1S(10)_Hopko_S1_D_ SOSR_1F(10)A1_Hopko_S2_A_ _Hopko_S2_A_ ENGR_1F(11)_Hopko_S2_B_ _Hopko_S2_C_ SOSR_1F(11)C2_Hopko_S2_C_ ENGR_1F(10)_Hopko_S2_D_ GRAR_3G(01)_Haussler_S1_A_ GRAR_4S(01)_Haussler_S1_B_ _Haussler_S1_C_ GRAR_2G(02)_Haussler_S1_D_ _Haussler_S2_A_ GRAR_3G(04)_Haussler_S2_B_ GRHR_1G(03)C1_Haussler_S2_C_ DM093V_1S(02)C2_Haussler_S2_C_ GRAR_2G(04)_Haussler_S2_D_ SOSR_1F(06)A1_Johnson_S1_A_ _Johnson_S1_A_ RITR_1S(04)_Johnson_S1_B_ _Johnson_S1_C_ SOSR_1F(04)C2_Johnson_S1_C_ RITR_1S(06)_Johnson_S1_D_ SOSR_1F(06)A1_Johnson_S2_A_ _Johnson_S2_A_ ENGR_1F(04)_Johnson_S2_B_ _Johnson_S2_C_ SOSR_1F(04)C2_Johnson_S2_C_ ENGR_1F(06)_Johnson_S2_D_ _Hull_S1_A_ FSTR_2S(02)_Hull_S1_B_ FSTR_4S(02)_Hull_S1_C_ FSTR_2S(01)_Hull_S1_D_ TADR_2S(01)_Hull_S2_A_ TADR_4S(01)_Hull_S2_A_ TADR_2S(02)_Hull_S2_B_ TADR_3S(01)_Hull_S2_B_ C1_Hull_S2_C_ TDHR_1S(01)C2_Hull_S2_C_ FSTR_2S(03)_Hull_S2_D_ ESMR_2S(01)_Isfeld_S1_A_ ESMR_3S(01)_Isfeld_S1_B_ ESMR_2S(02)_Isfeld_S1_C_ _Isfeld_S1_D_ ESMR_2S(03)_Isfeld_S2_A_ ESMR_3S(04)_Isfeld_S2_B_ ESMR_3S(05)_Isfeld_S2_C_ _Isfeld_S2_D_ RITR_1S(13)_Moore_S1_A_ RITR_1S(12)_Moore_S1_B_ SOSR_1F(05)C1_Moore_S1_C_ _Moore_S1_C_ _Moore_S1_D_ SOSR_1F(07)D2_Moore_S1_D_ ENGR_1F(13)_Moore_S2_A_ ENGR_1F(12)_Moore_S2_B_ SOSR_1F(05)C1_Moore_S2_C_ _Moore_S2_C_ _Moore_S2_D_ SOSR_1F(07)D2_Moore_S2_D_ _Knight_S1_A_ _Knight_S1_B_ _Knight_S1_C_ _Knight_S1_D_ _Knight_S2_A_ _Knight_S2_B_ _Knight_S2_C_ _Knight_S2_D_ FNUR_2S(01)_Kramble_S1_A_ FNUR_2S(02)_Kramble_S1_B_ _Kramble_S1_C_ PEP_Kramble_S1_D_ _Kramble_S1_D_ FNUR_2S(04)_Kramble_S2_A_ FNUR_2S(05)_Kramble_S2_B_ _Kramble_S2_C_ FOHR_1S(03)C2_Kramble_S2_C_ _Kramble_S2_D_ _Kutcher_S1_A_ _Kutcher_S1_B_ _Kutcher_S1_C_ _Kutcher_S1_D_ _Kutcher_S2_A_ _Kutcher_S2_B_ _Kutcher_S2_C_ _Kutcher_S2_D_ DRAR_3G(01)_Lachance_S1_A_ DRAR_2G(01)_Lachance_S1_B_ DRHR_1G(01)C1_Lachance_S1_C_ DRHR_1G(02)C2_Lachance_S1_C_ _Lachance_S1_D_ DRAR_4S(01)_Lachance_S2_A_ DRAR_2G(02)_Lachance_S2_B_ DRAR_2G(03)_Lachance_S2_C_ _Lachance_S2_D_ RITR_1S(14)_Neil_S1_A_ TRMR_1F(14)_Neil_S1_B_ SOSR_1F(14)C1_Neil_S1_C_ _Neil_S1_C_ _Neil_S1_D_ SCIR_1F(14)D2_Neil_S1_D_ ENGR_1S(14)_Neil_S2_A_ MATR_1F(14)_Neil_S2_B_ SOSR_1F(14)C1_Neil_S2_C_ _Neil_S2_C_ _Neil_S2_D_ SCIR_1F(14)D2_Neil_S2_D_ MP207V_2S(99)_Leduc_S1_A_ MP208V_3S(99)_Leduc_S1_B_ _Leduc_S1_C_ MP208V_3S(01)_Leduc_S1_D_ MP211V_4S(99)_Leduc_S2_A_ MP212V_4S(99)_Leduc_S2_B_ MP208V_3S(02)_Leduc_S2_C_ _Leduc_S2_D_ _Mackintosh_S1_A_ _Mackintosh_S1_B_ _Mackintosh_S1_C_ _Mackintosh_S1_D_ _Mackintosh_S2_A_ _Mackintosh_S2_B_ _Mackintosh_S2_C_ _Mackintosh_S2_D_ _Mason_S1_A_ _Mason_S1_B_ _Mason_S1_C_ _Mason_S1_D_ _Mason_S2_A_ _Mason_S2_B_ _Mason_S2_C_ _Mason_S2_D_ TRMF_1F(01)_McCaffrey_S1_A_ TRMF_1F(03)_McCaffrey_S1_B_ _McCaffrey_S1_C_ TRMF_1F(02)_McCaffrey_S1_D_ MATF_1F(01)_McCaffrey_S2_A_ MATF_1F(02)_McCaffrey_S2_B_ _McCaffrey_S2_C_ MATF_1F(03)_McCaffrey_S2_D_ RESR01(01)_McIvor_S1_A_ RESR01(02)_McIvor_S1_B_ RESR01(03)_McIvor_S1_C_ RESR01(04)_McIvor_S1_D_ _McIvor_S2_A_ _McIvor_S2_B_ _McIvor_S2_C_ _McIvor_S2_D_ _Ocharuk_S1_A_ SCIR_1F(04)A2_Ocharuk_S1_A_ TRMR_1F(06)_Ocharuk_S1_B_ SCIR_1F(06)C1_Ocharuk_S1_C_ _Ocharuk_S1_C_ TRMR_1F(04)_Ocharuk_S1_D_ _Ocharuk_S2_A_ SCIR_1F(04)A2_Ocharuk_S2_A_ MATR_1F(06)_Ocharuk_S2_B_ SCIR_1F(06)C1_Ocharuk_S2_C_ _Ocharuk_S2_C_ MATR_1F(04)_Ocharuk_S2_D_ LWPR_2S(01)_Moskal_S1_A_ _Moskal_S1_B_ LWPR_2S(06)_Moskal_S1_C_ GEOR_2F(05)_Moskal_S1_D_ LWPR_2S(05)_Moskal_S2_A_ GLIR_4S(01)_Moskal_S2_B_ _Moskal_S2_C_ CTIR_4S(01)_Moskal_S2_D_ PCMR_3S(01)_Mytopher_S1_A_ PCMR_4S(02)_Mytopher_S1_B_ _Mytopher_S1_C_ PCMR_4S(04)_Mytopher_S1_D_ PCME_4S(02)_Mytopher_S2_A_ PCMR_3S(04)_Mytopher_S2_B_ _Mytopher_S2_C_ PCMR_4S(05)_Mytopher_S2_D_ TRMR_1F(12)_Pachkowsky_S1_A_ _Pachkowsky_S1_B_ SCIR_1F(13)B2_Pachkowsky_S1_B_ SCIR_1F(12)C1_Pachkowsky_S1_C_ _Pachkowsky_S1_C_ TRMR_1F(13)_Pachkowsky_S1_D_ MATR_1F(12)_Pachkowsky_S2_A_ _Pachkowsky_S2_B_ SCIR_1F(13)B2_Pachkowsky_S2_B_ SCIR_1F(12)C1_Pachkowsky_S2_C_ _Pachkowsky_S2_C_ MATR_1F(13)_Pachkowsky_S2_D_ IAPR_2S(01)_Neufeld_S1_A_ IAPR_2S(02)_Neufeld_S1_B_ ESMR_3S(02)_Neufeld_S1_C_ _Neufeld_S1_D_ ESMR_3S(03)_Neufeld_S2_A_ ESMR_2S(04)_Neufeld_S2_B_ ESMR_2S(05)_Neufeld_S2_C_ _Neufeld_S2_D_ _Nichol_S1_A_ ENGC_3S(02)_Nichol_S1_B_ ENGR_2F(06)_Nichol_S1_C_ ENGR_2F(08)_Nichol_S1_D_ ENGC_3S(04)_Nichol_S2_A_ ENGC_3S(06)_Nichol_S2_B_ ENGR_2F(13)_Nichol_S2_C_ _Nichol_S2_D_ PHER_1F(11)A1_Queijo_S1_A_ PHER_1F(10)A2_Queijo_S1_A_ PHER_1F(13)B1_Queijo_S1_B_ _Queijo_S1_B_ PHER_4F(04)C1_Queijo_S1_C_ PHER_4F(05)C2_Queijo_S1_C_ _Queijo_S1_D_ PHER_1F(09)D2_Queijo_S1_D_ PHER_1F(11)A1_Queijo_S2_A_ PHER_1F(10)A2_Queijo_S2_A_ PHER_1F(13)B1_Queijo_S2_B_ _Queijo_S2_B_ PHER_4F(09)C1_Queijo_S2_C_ PHER_4F(10)C2_Queijo_S2_C_ _Queijo_S2_D_ PHER_1F(09)D2_Queijo_S2_D_ PHER_2F(01)_Esselmont_S1_A_ PHER_2F(02)_Esselmont_S1_B_ _Esselmont_S1_C_ PHEW_2F(01)D1_Esselmont_S1_D_ PHEW_3F(01)D2_Esselmont_S1_D_ PHEW_4F(01)D2_Esselmont_S1_D_ PHER_2F(07)_Esselmont_S2_A_ PHER_2F(08)_Esselmont_S2_B_ _Esselmont_S2_C_ PHEW_2F(01)D1_Esselmont_S2_D_ PHEW_3F(01)D2_Esselmont_S2_D_ PHEW_4F(01)D2_Esselmont_S2_D_ GEOF_2F(01)_Pereira_S1_A_ SCIF_1F(01)_Pereira_S1_B_ _Pereira_S1_C_ GEOF_2F(02)_Pereira_S1_D_ SCIF_1F(03)_Pereira_S2_A_ GEOF_2F(03)_Pereira_S2_B_ GEOF_2F(04)_Pereira_S2_C_ _Pereira_S2_D_ POMR_3G(01)_Perreault_S1_A_ POMR_2G(01)_Perreault_S1_B_ C1_Perreault_S1_C_ PMHR_1G(02)C2_Perreault_S1_C_ PMOR_2G(02)_Perreault_S1_D_ POMR_2G(03)_Perreault_S2_A_ POMR_4S(01)_Perreault_S2_B_ PMHR_1G(03)C1_Perreault_S2_C_ _Perreault_S2_C_ POMR_2G(03)_Perreault_S2_D_ HISR_3F(01)_Petri_S1_A_ HISR_3F(02)_Petri_S1_B_ _Petri_S1_C_ GEOR_2F(06)_Petri_S1_D_ GEOR_2F(07)_Petri_S2_A_ HISR_3S(11)_Petri_S2_B_ _Petri_S2_C_ HISR_4S(01)_Petri_S2_D_ _Petryshyn_S1_A_ GEOR_2F(03)_Petryshyn_S1_B_ HISR_3F(04)_Petryshyn_S1_C_ HISR_3F(05)_Petryshyn_S1_D_ HISR_3F(07)_Petryshyn_S2_A_ _Petryshyn_S2_B_ HISR_3F(08)_Petryshyn_S2_C_ GEOR_2F(10)_Petryshyn_S2_D_ GEOR_2F(01)_Prociuk_S1_A_ _Prociuk_S1_B_ GEOR_2F(04)_Prociuk_S1_C_ HISR_3F(06)_Prociuk_S1_D_ PSYR_4S(03)_Prociuk_S2_A_ GEOR_2F(08)_Prociuk_S2_B_ PSYR_4S(04)_Prociuk_S2_C_ _Prociuk_S2_D_ AESR_3S(01)_Pura_S1_A_ LWPR_2S(02)_Pura_S1_B_ RTPR_3S(01)_Pura_S1_C_ _Pura_S1_D_ AESR_3S(02)_Pura_S2_A_ LWPR_2S(03)_Pura_S2_B_ _Pura_S2_C_ ASYR_4S(01)_Pura_S2_D_ _Larveld_S1_A_ PHER_2F(03)_Larveld_S1_B_ PHER_3F(03)C1_Larveld_S1_C_ PHER_3F(04)C2_Larveld_S1_C_ PHER_2F(06)_Larveld_S1_D_ PHER_3F(07)A2_Larveld_S2_A_ _Larveld_S2_A_ PHER_2F(09)_Larveld_S2_B_ PHER_3F(09)C1_Larveld_S2_C_ PHER_3F(10)C2_Larveld_S2_C_ PHER_3F(11)D1_Larveld_S2_D_ _Larveld_S2_D_ PCMR_4S(01)_Ramos_S1_A_ _Ramos_S1_B_ ADME_4S(01)_Ramos_S1_C_ PCME_4S(01)_Ramos_S1_D_ ADME_4S(02)_Ramos_S2_A_ _Ramos_S2_B_ AM2R_4S(01)_Ramos_S2_C_ ICAR_4S(01)_Ramos_S2_D_ COSR_3S(01)_RempelSmith_S1_A_ _RempelSmith_S1_B_ DM096V_3S(97)_RempelSmith_S1_C_ DM097V_3S(97)_RempelSmith_S1_D_ COSR_4S(01)_RempelSmith_S2_A_ _RempelSmith_S2_B_ DM094V_2S(02)_RempelSmith_S2_C_ DM097V_3S(01)_RempelSmith_S2_D_ DM099V_4S(01)_RempelSmith_S2_D_ ELER_2G(01)_Ridgedale_S1_A_ ELER_3G(01)_Ridgedale_S1_B_ ELER_4S(01)_Ridgedale_S1_B_ _Ridgedale_S1_C_ ELHR_1G(01)C2_Ridgedale_S1_C_ _Ridgedale_S1_D_ ELER_2G(02)_Ridgedale_S2_A_ ELER_3G(02)_Ridgedale_S2_B_ ELER_4S(02)_Ridgedale_S2_B_ ELHR_1G(02)C1_Ridgedale_S2_C_ ELHR_1G(03)C2_Ridgedale_S2_C_ _Ridgedale_S2_D_ SCIR_2F(01)_Robak_S1_A_ BIOR_4S(01)_Robak_S1_B_ _Robak_S1_C_ BIOR_3S(03)_Robak_S1_D_ _Robak_S2_A_ CTSE_3S(01)_Robak_S2_B_ BIOR_4S(02)_Robak_S2_C_ BIOR_4S(03)_Robak_S2_D_ PHER_3F(01)A1_Swirsky_S1_A_ PHER_4F(01)A2_Swirsky_S1_A_ PHER_4F(03)B1_Swirsky_S1_B_ _Swirsky_S1_B_ PHER_2F(04)_Swirsky_S1_C_ _Swirsky_S1_D_ PHER_3F(05)D2_Swirsky_S1_D_ PHER_3F(06)A1_Swirsky_S2_A_ PHER_4F(07)A2_Swirsky_S2_A_ _Swirsky_S2_B_ PHER_2F(10)_Swirsky_S2_C_ PHER_2F(12)_Swirsky_S2_D_ _Sankovic_S1_A_ BIOR_3S(01)_Sankovic_S1_B_ BIOE_4S(01)_Sankovic_S1_C_ BIOE_4S(02)_Sankovic_S1_D_ _Sankovic_S2_A_ CTSR_3S(01)_Sankovic_S2_B_ BIOP_4S(01)_Sankovic_S2_C_ BIOP_4S(02)_Sankovic_S2_D_ _Sawchuk_S1_A_ _Sawchuk_S1_B_ _Sawchuk_S1_C_ _Sawchuk_S1_D_ _Sawchuk_S2_A_ _Sawchuk_S2_B_ _Sawchuk_S2_C_ _Sawchuk_S2_D_ _Seidel_S1_A_ GEOR_2F(02)_Seidel_S1_B_ SOCY_3G(02)_Seidel_S1_C_ SOCY_3G(01)_Seidel_S1_D_ SOCY_3G(03)_Seidel_S2_A_ _Seidel_S2_B_ GEOR_2F(09)_Seidel_S2_C_ GEOR_2F(11)_Seidel_S2_D_ GRAR_3G(02)_Shewchuk_S1_A_ GRAR_4S(02)_Shewchuk_S1_B_ MP206H_1S(01)C1_Shewchuk_S1_C_ _Shewchuk_S1_C_ GRAR_2G(01)_Shewchuk_S1_D_ GRAR_4S(03)_Shewchuk_S2_A_ _Shewchuk_S2_B_ GRHR_1G(02)C1_Shewchuk_S2_C_ DM093V_1S(03)C2_Shewchuk_S2_C_ GRAR_2G(03)_Shewchuk_S2_D_ _Silver_S1_A_ _Silver_S1_B_ MU2H_1S(01)C1_Silver_S1_C_ _Silver_S1_C_ _Silver_S1_D_ _Silver_S2_A_ _Silver_S2_B_ _Silver_S2_C_ MU2H_1S(02)C2_Silver_S2_C_ _Silver_S2_D_ _Sinclair_S1_A_ _Sinclair_S1_B_ _Sinclair_S1_C_ _Sinclair_S1_D_ _Sinclair_S2_A_ _Sinclair_S2_B_ _Sinclair_S2_C_ _Sinclair_S2_D_ ENGR_2F(01)_Sinosich_S1_A_ ENGR_2F(03)_Sinosich_S1_B_ ENGR_2F(07)_Sinosich_S1_C_ _Sinosich_S1_D_ _Sinosich_S2_A_ ENGR_2F(11)_Sinosich_S2_B_ ENGC_3S(07)_Sinosich_S2_C_ ENGR_2F(16)_Sinosich_S2_D_ _Slavicek_S1_A_ DM095V_3S(01)_Slavicek_S1_B_ DM098V_4S(01)_Slavicek_S1_B_ DM093H_1S(01)C1_Slavicek_S1_C_ GRHR_1G(01)C2_Slavicek_S1_C_ DM094V_2S(01)_Slavicek_S1_D_ DM098V_4S(97)_Slavicek_S2_A_ DM099V_4S(97)_Slavicek_S2_B_ DM096V_3S(01)_Slavicek_S2_C_ _Slavicek_S2_D_ _Slivinski_S1_A_ SCIE_2F(01)_Slivinski_S1_B_ SCIR_2F(03)_Slivinski_S1_C_ ESMR_2S(R1)_Slivinski_S1_D_ _Slivinski_S2_A_ SCIE_2F(03)_Slivinski_S2_B_ SCIR_2F(R1)_Slivinski_S2_C_ ESMR_2S(R2)_Slivinski_S2_D_ ENGL_4S(01)_Stacey_S1_A_ ENGL_4S(03)_Stacey_S1_B_ ENGL_3S(03)_Stacey_S1_C_ _Stacey_S1_D_ ENGC_4S(05)_Stacey_S2_A_ ENGL_3S(04)_Stacey_S2_B_ _Stacey_S2_C_ ENLE_4S(01)_Stacey_S2_D_ _Steeves_S1_A_ PHEF_3F(01)B1_Steeves_S1_B_ PHEF_4F(01)B2_Steeves_S1_B_ PHEF_1F(02)C1_Steeves_S1_C_ PHEF_1F(01)C2_Steeves_S1_C_ PHEF_2F(01)_Steeves_S1_D_ _Steeves_S2_A_ PHEF_3F(02)B1_Steeves_S2_B_ PHEF_4F(02)B2_Steeves_S2_B_ PHEF_1F(02)C1_Steeves_S2_C_ PHEF_1F(01)C2_Steeves_S2_C_ PHEF_2F(03)_Steeves_S2_D_ PSYR_4S(01)_Stein_S1_A_ _Stein_S1_B_ PSYR_4S(02)_Stein_S1_C_ LAWR_4S(01)_Stein_S1_D_ LAWR_4S(02)_Stein_S2_A_ PSYR_4S(05)_Stein_S2_B_ _Stein_S2_C_ LAWR_4S(03)_Stein_S2_D_ DANR_3S(01)_Suban_S1_A_ _Suban_S1_B_ DNHB_1S(01)C1_Suban_S1_C_ DNHB_1S(02)C2_Suban_S1_C_ DANR_2S(01)_Suban_S1_D_ DANR_2S(03)_Suban_S2_A_ _Suban_S2_B_ DNHB_1S(03)C1_Suban_S2_C_ DNHB_1S(04)C2_Suban_S2_C_ DANR_3S(03)_Suban_S2_D_ WOOR_2G(01)_Sudermann_S1_A_ WOOR_3G(01)_Sudermann_S1_B_ WOHR_1G(01)C1_Sudermann_S1_C_ WOHR_1G(02)C2_Sudermann_S1_C_ _Sudermann_S1_D_ WOOR_3G(02)_Sudermann_S2_A_ WOOR_4S(01)_Sudermann_S2_A_ WOOR_2G(02)_Sudermann_S2_B_ _Sudermann_S2_C_ WOHR_1G(03)C2_Sudermann_S2_C_ _Sudermann_S2_D_ TRMR_1F(07)_Russell_S1_A_ SCIR_1F(05)B1_Russell_S1_B_ _Russell_S1_B_ _Russell_S1_C_ SCIR_1F(07)C2_Russell_S1_C_ TRMR_1F(05)_Russell_S1_D_ MATR_1F(07)_Russell_S2_A_ SCIR_1F(05)B1_Russell_S2_B_ _Russell_S2_B_ _Russell_S2_C_ SCIR_1F(07)C2_Russell_S2_C_ MATR_1F(05)_Russell_S2_D_ FNUR_3S(01)_Tao_S1_A_ FNUR_3S(02)_Tao_S1_B_ FOHR_1S(01)C1_Tao_S1_C_ _Tao_S1_C_ FNUR_4S(01)_Tao_S1_D_ FNUR_2S(03)_Tao_S2_A_ FNUR_3S(03)_Tao_S2_B_ FOHR_1S(02)C1_Tao_S2_C_ _Tao_S2_C_ FNUR_4S(02)_Tao_S2_D_ SCIF_1F(02)_TEACHERV_S1_A_ SCIF_2F(02)_TEACHERV_S1_B_ Fraf_2F(02)_TEACHERV_S1_C_ _TEACHERV_S1_D_ _TEACHERV_S2_A_ _TEACHERV_S2_B_ _TEACHERV_S2_C_ _TEACHERV_S2_D_ HISF_3F(01)_TeacherX_S1_A_ HISF_3F(02)_TeacherX_S1_B_ _TeacherX_S1_C_ SCHF_1F(03)_TeacherX_S1_D_ _TeacherX_S2_A_ SCHF_1F(01)_TeacherX_S2_B_ HISF_3F(03)_TeacherX_S2_C_ SCHF_1F(02)_TeacherX_S2_D_ ENGW_4S(01)A1_TeacherY_S1_A_ ENGW_3S(01)A2_TeacherY_S1_A_ HISW_3S(01)B1_TeacherY_S1_B_ GLIW_4S(01)B2_TeacherY_S1_B_ ENGW_2F(01)C1_TeacherY_S1_C_ C2_TeacherY_S1_C_ PEP-Option_3(01)D1_TeacherY_S1_D_ PHEW_3F(01)D2_TeacherY_S1_D_ _TeacherY_S1_D_ ENGW_4S(01)A1_TeacherY_S2_A_ ENGW_3S(01)A2_TeacherY_S2_A_ HISW_3S(01)B1_TeacherY_S2_B_ GLIW_4S(01)B2_TeacherY_S2_B_ ENGW_2F(01)C1_TeacherY_S2_C_ C2_TeacherY_S2_C_ PEP-Option_3(01)D1_TeacherY_S2_D_ PE_TeacherY_S2_D_ Support_TeacherY_S2_D_ D2_TeacherY_S2_D_ _TeacherY_S2_D_ ESMW_3S(01)A1_TeacherZ_S1_A_ ESMW_4S(01)A2_TeacherZ_S1_A_ INSW_4S(01)B1_TeacherZ_S1_B_ CTSW_3S(01)B2_TeacherZ_S1_B_ PEP-Option_3(02)C1_TeacherZ_S1_C_ ESMW_2S(01)C2_TeacherZ_S1_C_ D1_TeacherZ_S1_D_ PHEW_4F(01)D2_TeacherZ_S1_D_ ESMW_3S(01)A1_TeacherZ_S2_A_ ESMW_4S(01)A2_TeacherZ_S2_A_ INSW_4S(01)B1_TeacherZ_S2_B_ CTSW_3S(01)B2_TeacherZ_S2_B_ PEP-Option_3(02)C1_TeacherZ_S2_C_ ESMW_2S(01)C2_TeacherZ_S2_C_ D1_TeacherZ_S2_D_ PE_TeacherZ_S2_D_ Support_TeacherZ_S2_D_ D2_TeacherZ_S2_D_ LWPR_2S(WE)A1_Thwaites_S1_A_ SCIW_2F(01)A2_Thwaites_S1_A_ PEP-Option_2(01)_Thwaites_S1_B_ PrepC1_Thwaites_S1_C_ _Thwaites_S1_C_ LWBR_3S(01)C2_Thwaites_S1_C_ PHEW_2F(01)D1_Thwaites_S1_D_ GEOW_2S(01)D2_Thwaites_S1_D_ LWPR_2S(WE)A1_Thwaites_S2_A_ SCIW_2F(01)A2_Thwaites_S2_A_ PEP-Option_2(01)_Thwaites_S2_B_ PrepC1_Thwaites_S2_C_ _Thwaites_S2_C_ LWBR_3S(01)C2_Thwaites_S2_C_ LWTF_4S(01)D1_Thwaites_S2_D_ GEOW_2S(01)D2_Thwaites_S2_D_ _Trethart_S1_A_ INSR_4S(01)_Trethart_S1_B_ ECPR_4S(01)_Trethart_S1_C_ BIOR_3S(02)_Trethart_S1_D_ BIOR_3S(04)_Trethart_S2_A_ BIOR_3S(05)_Trethart_S2_B_ BIOR_3S(06)_Trethart_S2_C_ _Trethart_S2_D_ PH1P_4S(01)_Truderung_S1_A_ PHYE_3S(01)_Truderung_S1_B_ _Truderung_S1_C_ PHYR_3S(02)_Truderung_S1_D_ _Truderung_S2_A_ PHYE_4S(01)_Truderung_S2_B_ PHYR_3S(04)_Truderung_S2_C_ PHYR_4S(04)_Truderung_S2_D_ FILF_1F(03)_Villa_S1_A_ ENGF_1F(02)_Villa_S1_B_ _Villa_S1_C_ FILF_1F(01)_Villa_S1_D_ FILF_1F(02)_Villa_S2_A_ ENGF_1F(03)_Villa_S2_B_ _Villa_S2_C_ ENGF_1F(01)_Villa_S2_D_ FSTR_3S(01)_Waller_S1_A_ FSTR_4S(02)_Waller_S1_B_ FSTR_3S(02)_Waller_S1_C_ _Waller_S1_D_ FSTR_3S(03)_Waller_S2_A_ _Waller_S2_B_ FSTR_4S(03)_Waller_S2_C_ FSTR_4S(04)_Waller_S2_D_ ENGC_3M(04)A1_Wesley_S1_A_ ENGC_4M(02)_Wesley_S1_A_ ENGR_2M(03)_Wesley_S1_A_ ESMR_2M(04)A2_Wesley_S1_A_ ESMR_3M(03)_Wesley_S1_A_ ESMR_4M(02)_Wesley_S1_A_ MATR_1M(05)_Wesley_S1_A_ RESR01(05)_Wesley_S1_B_ LWPR_2M(01)C1_Wesley_S1_C_ _Wesley_S1_C_ _Wesley_S1_D_ LWER_1M(02)D2_Wesley_S1_D_ LWPR_2M(02)_Wesley_S1_D_ _Wesley_S2_A_ _Wesley_S2_B_ _Wesley_S2_C_ _Wesley_S2_D_ PHER_1F(04)A1_Witzke_S1_A_ PHER_1F(06)A2_Witzke_S1_A_ PHER_1F(08)B1_Witzke_S1_B_ PHER_3F(02)B2_Witzke_S1_B_ _Witzke_S1_C_ PHER_1F(07)D1_Witzke_S1_D_ PHER_1F(12)D2_Witzke_S1_D_ PHER_1F(04)A1_Witzke_S2_A_ PHER_1F(06)A2_Witzke_S2_A_ PHER_1F(08)B1_Witzke_S2_B_ PHER_3F(08)B2_Witzke_S2_B_ _Witzke_S2_C_ PHER_1F(07)D1_Witzke_S2_D_ PHER_1F(12)D2_Witzke_S2_D_ LWPR_2S(WE)A1_Wright_S1_A_ SCIW_2F(01)A2_Wright_S1_A_ PEP-Option_2(01)_Wright_S1_B_ PrepC1_Wright_S1_C_ _Wright_S1_C_ LWBR_3S(01)C2_Wright_S1_C_ PHEW_2F(01)D1_Wright_S1_D_ GEOW_2S(01)D2_Wright_S1_D_ LWPR_2S(WE)A1_Wright_S2_A_ SCIW_2F(01)A2_Wright_S2_A_ PEP-Option_2(01)_Wright_S2_B_ PrepC1_Wright_S2_C_ _Wright_S2_C_ LWBR_3S(01)C2_Wright_S2_C_ LWTF_4S(01)D1_Wright_S2_D_ GEOW_2S(01)D2_Wright_S2_D_ IAPE_2S(01)_Yosyk_S1_A_ _Yosyk_S1_B_ PCME_3S(01)_Yosyk_S1_C_ IAPR_2S(04)_Yosyk_S1_D_ PCME_3S(02)_Yosyk_S2_A_ _Yosyk_S2_B_ IAPR_2S(07)_Yosyk_S2_C_ IAPR_2S(08)_Yosyk_S2_D_ TRMR_1F(08)_Zhao_S1_A_ TRMR_1F(09)_Zhao_S1_B_ _Zhao_S1_C_ SCIR_1F(08)C2_Zhao_S1_C_ SCIR_1F(09)D1_Zhao_S1_D_ _Zhao_S1_D_ MATR_1F(08)_Zhao_S2_A_ MATR_1F(09)_Zhao_S2_B_ _Zhao_S2_C_ SCIR_1F(08)C2_Zhao_S2_C_ SCIR_1F(09)D1_Zhao_S2_D_ _Zhao_S2_D_ ENGL_4S(02)_Zurbuchen_S1_A_ _Zurbuchen_S1_B_ ENGC_4S(04)_Zurbuchen_S1_C_ ENGL_3S(06)_Zurbuchen_S1_D_ ENGL_4S(05)_Zurbuchen_S2_A_ ENGR_2F(09)_Zurbuchen_S2_B_ _Zurbuchen_S2_C_ CHER_3S(06)_Zurbuchen_S2_D_ _ZZPLACEHOLDER_S1_A_ _ZZPLACEHOLDER_S1_B_ _ZZPLACEHOLDER_S1_C_ _ZZPLACEHOLDER_S1_D_ _ZZPLACEHOLDER_S2_A_ _ZZPLACEHOLDER_S2_B_ _ZZPLACEHOLDER_S2_C_ _ZZPLACEHOLDER_S2_D_ | X4: =IFERROR(RANK(Y4,Y:Y,1),"") | Y4: =IFERROR(IF(FIND("(",AA4)>0,Z4,""),"") | Z4: 2 | AA4: =IFERROR(VLOOKUP(Z4,T:V,3,FALSE),"") -> _Alfaro_S2_D_
A5: ="_"&SUBSTITUTE(IFERROR(LEFT(Master!B9, FIND(",", Master!B9) - 1),Master!B9)," ","") -> _Anastasiadis | B5: =SUBSTITUTE(SUBSTITUTE(SUBSTITUTE(SUBSTITUTE(SUBSTITUTE(IFERROR(SUBSTITUTE(Master!D9,CHAR(10)," "),Master!D9)," ",$A5&B$1&" ")&$A5&B$1," "&$A5&B$1&" "," ")," "&$A5&B$1&" "," ")," "&$A5&B$1&" "," ")," "&$A5&B$1&" "," ") -> PREP_Anastasiadis_S1_A_ | C5: =SUBSTITUTE(SUBSTITUTE(SUBSTITUTE(SUBSTITUTE(SUBSTITUTE(IFERROR(SUBSTITUTE(Master!E9,CHAR(10)," "),Master!E9)," ",$A5&C$1&" ")&$A5&C$1," "&$A5&C$1&" "," ")," "&$A5&C$1&" "," ")," "&$A5&C$1&" "," ")," "&$A5&C$1&" "," ") -> PREP_Anastasiadis_S1_B_ | D5: =SUBSTITUTE(SUBSTITUTE(SUBSTITUTE(SUBSTITUTE(SUBSTITUTE(IFERROR(SUBSTITUTE(Master!F9,CHAR(10)," "),Master!F9)," ",$A5&D$1&" ")&$A5&D$1," "&$A5&D$1&" "," ")," "&$A5&D$1&" "," ")," "&$A5&D$1&" "," ")," "&$A5&D$1&" "," ") -> PREP_Anastasiadis_S1_C_ | E5: =SUBSTITUTE(SUBSTITUTE(SUBSTITUTE(SUBSTITUTE(SUBSTITUTE(IFERROR(SUBSTITUTE(Master!G9,CHAR(10)," "),Master!G9)," ",$A5&E$1&" ")&$A5&E$1," "&$A5&E$1&" "," ")," "&$A5&E$1&" "," ")," "&$A5&E$1&" "," ")," "&$A5&E$1&" "," ") -> PREP_Anastasiadis_S1_D_ | F5: =SUBSTITUTE(SUBSTITUTE(SUBSTITUTE(SUBSTITUTE(SUBSTITUTE(IFERROR(SUBSTITUTE(Master!H9,CHAR(10)," "),Master!H9)," ",$A5&F$1&" ")&$A5&F$1," "&$A5&F$1&" "," ")," "&$A5&F$1&" "," ")," "&$A5&F$1&" "," ")," "&$A5&F$1&" "," ") -> PREP_Anastasiadis_S2_A_ | G5: =SUBSTITUTE(SUBSTITUTE(SUBSTITUTE(SUBSTITUTE(SUBSTITUTE(IFERROR(SUBSTITUTE(Master!I9,CHAR(10)," "),Master!I9)," ",$A5&G$1&" ")&$A5&G$1," "&$A5&G$1&" "," ")," "&$A5&G$1&" "," ")," "&$A5&G$1&" "," ")," "&$A5&G$1&" "," ") -> PREP_Anastasiadis_S2_B_ | H5: =SUBSTITUTE(SUBSTITUTE(SUBSTITUTE(SUBSTITUTE(SUBSTITUTE(IFERROR(SUBSTITUTE(Master!J9,CHAR(10)," "),Master!J9)," ",$A5&H$1&" ")&$A5&H$1," "&$A5&H$1&" "," ")," "&$A5&H$1&" "," ")," "&$A5&H$1&" "," ")," "&$A5&H$1&" "," ") -> PREP_Anastasiadis_S2_C_ | I5: =SUBSTITUTE(SUBSTITUTE(SUBSTITUTE(SUBSTITUTE(SUBSTITUTE(IFERROR(SUBSTITUTE(Master!K9,CHAR(10)," "),Master!K9)," ",$A5&I$1&" ")&$A5&I$1," "&$A5&I$1&" "," ")," "&$A5&I$1&" "," ")," "&$A5&I$1&" "," ")," "&$A5&I$1&" "," ") -> PREP_Anastasiadis_S2_D_ | N5: =_xlfn.TEXTJOIN(" ", TRUE, B5:I5) -> PREP_Anastasiadis_S1_A_ PREP_Anastasiadis_S1_B_ PREP_Anastasiadis_S1_C_ PREP_Anastasiadis_S1_D_ PREP_Anastasiadis_S2_A_ PREP_Anastasiadis_S2_B_ PREP_Anastasiadis_S2_C_ PREP_Anastasiadis_S2_D_ | O5: =A5 -> _Anastasiadis | P5: =P4&" "&N5 -> ENGR_2F(02)_Alfaro_S1_A_ ENGR_2F(04)_Alfaro_S1_B_ PHEF_1F(02)C1_Alfaro_S1_C_ PHEF_1F(01)C2_Alfaro_S1_C_ PREP_Alfaro_S1_D_ PHEF_2F(02)_Alfaro_S2_A_ ENGR_2F(R1)_Alfaro_S2_B_ PHEF_1F(02)C1_Alfaro_S2_C_ PHEF_1F(01)C2_Alfaro_S2_C_ PREP_Alfaro_S2_D_ PREP_Alford_S1_A_ PREP_Alford_S1_B_ PREP_Alford_S1_C_ PREP_Alford_S1_D_ PREP_Alford_S2_A_ PREP_Alford_S2_B_ PREP_Alford_S2_C_ PREP_Alford_S2_D_ DM094V_2S(97)_Alibudbud_S1_A_ DM095V_3S(97)_Alibudbud_S1_B_ DM100V_4S(01)_Alibudbud_S1_C_ MP212V_4S(01)_Alibudbud_S1_C_ PREP_Alibudbud_S1_D_ DM101V_4S(01)_Alibudbud_S2_A_ MP214V_4S(01)_Alibudbud_S2_A_ PREP_Alibudbud_S2_B_ DM100V_4S(97)_Alibudbud_S2_C_ DM101V_4S(97)_Alibudbud_S2_D_ PREP_Anastasiadis_S1_A_ PREP_Anastasiadis_S1_B_ PREP_Anastasiadis_S1_C_ PREP_Anastasiadis_S1_D_ PREP_Anastasiadis_S2_A_ PREP_Anastasiadis_S2_B_ PREP_Anastasiadis_S2_C_ PREP_Anastasiadis_S2_D_ | Q5: xxx | T5: =COUNTIF($V$1:$V$1200, "<=" & V5) -> 809 | U5: 3 | V5: =TRIM(_xlfn.TEXTBEFORE(W4, " ")) -> PHEF_1F(02)C1_Alfaro_S1_C_ | W5: =TRIM(MID(W4, LEN(V5)+1, LEN(W4) - LEN(V5))) -> PHEF_1F(01)C2_Alfaro_S1_C_ _Alfaro_S1_D_ PHEF_2F(02)_Alfaro_S2_A_ ENGR_2F(R1)_Alfaro_S2_B_ PHEF_1F(02)C1_Alfaro_S2_C_ PHEF_1F(01)C2_Alfaro_S2_C_ _Alfaro_S2_D_ _Alford_S1_A_ _Alford_S1_B_ _Alford_S1_C_ _Alford_S1_D_ _Alford_S2_A_ _Alford_S2_B_ _Alford_S2_C_ _Alford_S2_D_ DM094V_2S(97)_Alibudbud_S1_A_ DM095V_3S(97)_Alibudbud_S1_B_ DM100V_4S(01)_Alibudbud_S1_C_ MP212V_4S(01)_Alibudbud_S1_C_ _Alibudbud_S1_D_ DM101V_4S(01)_Alibudbud_S2_A_ MP214V_4S(01)_Alibudbud_S2_A_ _Alibudbud_S2_B_ DM100V_4S(97)_Alibudbud_S2_C_ DM101V_4S(97)_Alibudbud_S2_D_ _Anastasiadis_S1_A_ _Anastasiadis_S1_B_ _Anastasiadis_S1_C_ _Anastasiadis_S1_D_ _Anastasiadis_S2_A_ _Anastasiadis_S2_B_ _Anastasiadis_S2_C_ _Anastasiadis_S2_D_ MAPF_3S(01)_Anis_S1_A_ _Anis_S1_B_ falf_3S(01)_Anis_S1_C_ PSYF_4S(01)_Anis_S1_D_ falf_3S(02)_Anis_S2_A_ _Anis_S2_B_ falf_3S(03)_Anis_S2_C_ MAPF_4S(01)_Anis_S2_D_ _Athayde_S1_A_ SCIS_2F(01)_Athayde_S1_B_ _Athayde_S1_C_ DANR_4S(01)_Athayde_S1_D_ _Athayde_S2_A_ DANR_2S(02)_Athayde_S2_B_ _Athayde_S2_C_ DANR_4S(02)_Athayde_S2_D_ _Bara_S1_A_ _Bara_S1_B_ _Bara_S1_C_ _Bara_S1_D_ _Bara_S2_A_ _Bara_S2_B_ _Bara_S2_C_ _Bara_S2_D_ PHER_4F(02)A1_Barnych_S1_A_ _Barnych_S1_A_ _Barnych_S1_B_ PHER_1F(05)B2_Barnych_S1_B_ PHER_2F(05)_Barnych_S1_C_ PHER_1F(14)D1_Barnych_S1_D_ PHER_4F(06)D2_Barnych_S1_D_ _Barnych_S2_A_ PHER_4F(08)B1_Barnych_S2_B_ PHER_1F(05)B2_Barnych_S2_B_ PHER_2F(11)_Barnych_S2_C_ PHER_1F(14)D1_Barnych_S2_D_ PHER_4F(11)D2_Barnych_S2_D_ CS109V_4S(01)_Bazilewich_S1_A_ CS105V_3S(01)_Bazilewich_S1_B_ CS106V_3S(01)_Bazilewich_S1_C_ _Bazilewich_S1_D_ CS108V_4S(01)_Bazilewich_S2_A_ CS106V_3S(02)_Bazilewich_S2_B_ CS111V_4S(01)_Bazilewich_S2_C_ _Bazilewich_S2_D_ falf_4S(01)_Beckett_S1_A_ falf_4S(02)_Beckett_S1_B_ _Beckett_S1_C_ Fraf_2F(01)_Beckett_S1_D_ Fraf_2F(03)_Beckett_S2_A_ falf_4S(03)_Beckett_S2_B_ Fraf_2F(04)_Beckett_S2_C_ _Beckett_S2_D_ RITR_1S(05)_Bilewitch_S1_A_ RITR_1S(07)_Bilewitch_S1_B_ SOSR_1F(05)C1_Bilewitch_S1_C_ _Bilewitch_S1_C_ _Bilewitch_S1_D_ SOSR_1F(07)D2_Bilewitch_S1_D_ ENGR_1F(05)_Bilewitch_S2_A_ ENGR_1F(07)_Bilewitch_S2_B_ SOSR_1F(05)C1_Bilewitch_S2_C_ _Bilewitch_S2_C_ _Bilewitch_S2_D_ SOSR_1F(07)D2_Bilewitch_S2_D_ _Boyes_S1_A_ _Boyes_S1_B_ MCCR_1S(01)C1_Boyes_S1_C_ _Boyes_S1_C_ _Boyes_S1_D_ _Boyes_S2_A_ _Boyes_S2_B_ MCCR_1S(01)C1_Boyes_S2_C_ _Boyes_S2_C_ _Boyes_S2_D_ _Buller_S1_A_ _Buller_S1_B_ _Buller_S1_C_ _Buller_S1_D_ _Buller_S2_A_ _Buller_S2_B_ _Buller_S2_C_ _Buller_S2_D_ BMAR_4S(01)_Buskell_S1_A_ BMAR_4S(02)_Buskell_S1_B_ _Buskell_S1_C_ CS107V_4S(01)_Buskell_S1_D_ BMAR_4S(03)_Buskell_S2_A_ _Buskell_S2_B_ LWPR_2S(04)_Buskell_S2_C_ CS103V_2S(03)_Buskell_S2_D_ ENGC_4S(01)_Carpick_S1_A_ _Carpick_S1_B_ ENGC_4S(03)_Carpick_S1_C_ ENGL_4S(04)_Carpick_S1_D_ _Carpick_S2_A_ ENGC_4S(06)_Carpick_S2_B_ ENGC_4S(07)_Carpick_S2_C_ ENGL_3S(05)_Carpick_S2_D_ CHER_4S(01)_Carrington_S1_A_ _Carrington_S1_B_ CHER_3S(02)_Carrington_S1_C_ CHER_3S(03)_Carrington_S1_D_ _Carrington_S2_A_ CHER_4S(03)_Carrington_S2_B_ CHER_4S(04)_Carrington_S2_C_ CHER_3S(05)_Carrington_S2_D_ PHYR_3S(01)_Clifford_S1_A_ _Clifford_S1_B_ PHYR_4S(01)_Clifford_S1_C_ PHYR_4S(02)_Clifford_S1_D_ SCIR_2F(04)_Clifford_S2_A_ PHYR_3S(03)_Clifford_S2_B_ PHYR_4S(03)_Clifford_S2_C_ _Clifford_S2_D_ _Cooper_S1_A_ ENGC_4S(02)_Cooper_S1_B_ ENGT_4S(01)_Cooper_S1_C_ ENGT_4S(02)_Cooper_S1_D_ _Cooper_S2_A_ ENGT_4S(03)_Cooper_S2_B_ ENGC_4S(08)_Cooper_S2_C_ ENGC_4S(09)_Cooper_S2_D_ ESMR_4S(03)_DeGrave_S1_A_ ESMR_4S(01)_DeGrave_S1_B_ IAPR_2S(03)_DeGrave_S1_C_ _DeGrave_S1_D_ ESMR_4S(04)_DeGrave_S2_A_ ESMR_4S(05)_DeGrave_S2_B_ _DeGrave_S2_C_ ESMR_3S(06)_DeGrave_S2_D_ CHER_3S(01)_Dionisio_S1_A_ CHEE_4S(01)_Dionisio_S1_B_ CHER_4S(02)_Dionisio_S1_C_ _Dionisio_S1_D_ _Dionisio_S2_A_ CHEP_4S(01)_Dionisio_S2_B_ CHER_3S(04)_Dionisio_S2_C_ CHEE_3S(01)_Dionisio_S2_D_ D1MR_2S(01)_Dizor_S1_A_ D1MR_3S(01)_Dizor_S1_A_ D1MR_4S(01)_Dizor_S1_A_ HISR_3F(03)_Dizor_S1_B_ CMHR_4S(01)_Dizor_S1_C_ _Dizor_S1_D_ D1MR_2S(02)_Dizor_S2_A_ D1MR_3S(02)_Dizor_S2_A_ D1MR_4S(02)_Dizor_S2_A_ HISR_3F(09)_Dizor_S2_B_ _Dizor_S2_C_ HISR_3F(10)_Dizor_S2_D_ APMR_3S(01)_Doerksen_S1_A_ APMR_4S(01)_Doerksen_S1_B_ ESMR_4S(02)_Doerksen_S1_C_ _Doerksen_S1_D_ APMR_3S(02)_Doerksen_S2_A_ APMR_4S(02)_Doerksen_S2_B_ ESMR_4S(06)_Doerksen_S2_C_ _Doerksen_S2_D_ EALR_4S(01)_Dyck_S1_A_ LS1R_1F(01)_Dyck_S1_A_ LS2R_2F(01)_Dyck_S1_A_ LS3R_3F(01)_Dyck_S1_A_ ENGC_3E(01)_Dyck_S1_B_ ENGC_4E(01)_Dyck_S1_B_ ENGR_1E(01)_Dyck_S1_B_ ENGR_2E(01)_Dyck_S1_B_ _Dyck_S1_C_ RITR_3S(03)D1_Dyck_S1_D_ RTHR_2S(01)_Dyck_S1_D_ RTHR_3S(01)_Dyck_S1_D_ _Dyck_S1_D_ EALR_4S(02)_Dyck_S2_A_ ENGC_3E(03)_Dyck_S2_A_ LS1R_1F(02)_Dyck_S2_A_ LS2R_2F(02)_Dyck_S2_A_ ENGC_3E(02)_Dyck_S2_B_ ENGC_4E(02)_Dyck_S2_B_ ENGR_1E(02)_Dyck_S2_B_ ENGR_2E(02)_Dyck_S2_B_ _Dyck_S2_C_ RITR_3S(04)D1_Dyck_S2_D_ RTHR_2S(02)_Dyck_S2_D_ RTHR_3S(02)_Dyck_S2_D_ RESR01(LEd)D2_Dyck_S2_D_ MP207V_2S(01)_Dyck-Lyons_S1_A_ _Dyck-Lyons_S1_B_ MP209V_4S(98)_Dyck-Lyons_S1_C_ MP210V_3S(98)_Dyck-Lyons_S1_D_ MP211V_4S(98)_Dyck-Lyons_S2_A_ MP212V_4S(98)_Dyck-Lyons_S2_B_ _Dyck-Lyons_S2_C_ MP206H_1S(03)C2_Dyck-Lyons_S2_C_ MP209V_3S(01)_Dyck-Lyons_S2_D_ RESR01(LEb)_Ellison_S1_A_ ESMR_2M(01)_Ellison_S1_B_ ESMR_3M(01)_Ellison_S1_B_ ESMR_4M(01)_Ellison_S1_B_ MATR_1M(04)_Ellison_S1_B_ ENGC_3M(01)_Ellison_S1_C_ ENGC_4M(01)_Ellison_S1_C_ ENGR_1M(04)_Ellison_S1_C_ ENGR_2M(01)_Ellison_S1_C_ CTSR_3M(01)_Ellison_S1_D_ GEOR_2M(01)_Ellison_S1_D_ GLIR_4M(01)_Ellison_S1_D_ HISR_3M(01)_Ellison_S1_D_ RESR01(LEc)_Ellison_S2_A_ ESMR_2M(01)_Ellison_S2_B_ ESMR_3M(01)_Ellison_S2_B_ ESMR_4M(01)_Ellison_S2_B_ MATR_1M(04)_Ellison_S2_B_ ENGC_3M(01)_Ellison_S2_C_ ENGC_4M(01)_Ellison_S2_C_ ENGR_1M(04)_Ellison_S2_C_ ENGR_2M(01)_Ellison_S2_C_ CTSR_3M(02)_Ellison_S2_D_ GEOR_2M(02)_Ellison_S2_D_ GLIR_4M(02)_Ellison_S2_D_ HISR_3M(02)_Ellison_S2_D_ _Epp-Koop_S1_A_ PCMR_3S(02)_Epp-Koop_S1_B_ PCMR_4S(03)_Epp-Koop_S1_C_ PCMR_3S(03)_Epp-Koop_S1_D_ IAPR_2S(05)_Epp-Koop_S2_A_ IAPR_2S(06)_Epp-Koop_S2_B_ PCMR_3S(05)_Epp-Koop_S2_C_ _Epp-Koop_S2_D_ CS103V_2S(01)_Esposito_S1_A_ CS103V_2S(02)_Esposito_S1_B_ CS102V_1S(01)C1_Esposito_S1_C_ CS102V_1S(02)C2_Esposito_S1_C_ _Esposito_S1_D_ CS104V_3S(01)_Esposito_S2_A_ CS104V_3S(02)_Esposito_S2_B_ CS102V_1S(01)C1_Esposito_S2_C_ CS102V_1S(02)C2_Esposito_S2_C_ _Esposito_S2_D_ _Fast_S1_A_ SCIR_1F(11)A2_Fast_S1_A_ TRMR_1F(10)_Fast_S1_B_ SCIR_1F(10)C1_Fast_S1_C_ _Fast_S1_C_ TRMR_1F(11)_Fast_S1_D_ SCIR_1F(11)A1_Fast_S2_A_ _Fast_S2_A_ MATR_1F(10)_Fast_S2_B_ SCIR_1F(10)C1_Fast_S2_C_ _Fast_S2_C_ MATR_1F(11)_Fast_S2_D_ RITR_1S(09)_Grywinski_S1_A_ _Grywinski_S1_B_ SOSR_1F(08)B2_Grywinski_S1_B_ SOSR_1F(09)C1_Grywinski_S1_C_ _Grywinski_S1_C_ RITR_1S(08)_Grywinski_S1_D_ ENGR_1F(09)_Grywinski_S2_A_ _Grywinski_S2_B_ SOSR_1F(08)B2_Grywinski_S2_B_ SOSR_1F(09)C1_Grywinski_S2_C_ _Grywinski_S2_C_ ENGR_1F(08)_Grywinski_S2_D_ ENGC_3S(01)_Fitkowsky_S1_A_ _Fitkowsky_S1_B_ ENGR_2F(05)_Fitkowsky_S1_C_ ENGT_3S(01)_Fitkowsky_S1_D_ ENGC_3S(05)_Fitkowsky_S2_A_ _Fitkowsky_S2_B_ SOSR_1F(05)C1_Fitkowsky_S2_C_ _Fitkowsky_S2_C_ _Fitkowsky_S2_D_ SOSR_1F(07)D2_Fitkowsky_S2_D_ MP207V_2S(98)_Fowler_S1_A_ MP208V_3S(98)_Fowler_S1_B_ _Fowler_S1_C_ MP206H_1S(02)C2_Fowler_S1_C_ MP213V_4S(01)_Fowler_S1_D_ _Fowler_S2_A_ MP207V_2S(02)_Fowler_S2_B_ MP213V_4S(98)_Fowler_S2_C_ MP214V_4S(98)_Fowler_S2_D_ ENGL_3S(01)_Friesen_S1_A_ ENGL_3S(02)_Friesen_S1_B_ ENGC_3S(03)_Friesen_S1_C_ _Friesen_S1_D_ ENGR_2F(10)_Friesen_S2_A_ _Friesen_S2_B_ ENGR_2F(12)_Friesen_S2_C_ ENGR_2F(15)_Friesen_S2_D_ SCIF_2F(01)_Friesen_S1_A_ _Friesen_S1_B_ SCIF_2F(03)_Friesen_S1_C_ BIOF_3S(01)_Friesen_S1_D_ _Friesen_S2_A_ SCIF_2F(04)_Friesen_S2_B_ BIOF_4S(01)_Friesen_S2_C_ BIOF_3S(02)_Friesen_S2_D_ _Galvao_S1_A_ MP210V_3S(01)_Galvao_S1_B_ MP209V_4S(99)_Galvao_S1_C_ MP210V_3S(99)_Galvao_S1_D_ _Galvao_S2_A_ MP211V_4S(01)_Galvao_S2_B_ MP213V_3S(99)_Galvao_S2_C_ MP214V_4S(99)_Galvao_S2_D_ _Gaudreau_S1_A_ SCIR_2F(02)_Gaudreau_S1_B_ SCIS_2F(02)_Gaudreau_S1_C_ SCIS_2F(03)_Gaudreau_S1_D_ SCIS_2F(04)_Gaudreau_S2_A_ _Gaudreau_S2_B_ SCIS_2F(05)_Gaudreau_S2_C_ SCIR_2F(05)_Gaudreau_S2_D_ _Gebhardt_S1_A_ IAPF_2S(01)_Gebhardt_S1_B_ PCMF_3S(01)_Gebhardt_S1_C_ IAPF_2S(02)_Gebhardt_S1_D_ PCMF_4S(01)_Gebhardt_S2_A_ PCMF_3S(02)_Gebhardt_S2_B_ _Gebhardt_S2_C_ IAPF_2S(03)_Gebhardt_S2_D_ _Graham_S1_A_ _Graham_S1_B_ _Graham_S1_C_ _Graham_S1_D_ _Graham_S2_A_ _Graham_S2_B_ _Graham_S2_C_ _Graham_S2_D_ SOSR_1F(10)A1_Hopko_S1_A_ _Hopko_S1_A_ RITR_1S(11)_Hopko_S1_B_ _Hopko_S1_C_ SOSR_1F(11)C2_Hopko_S1_C_ RITR_1S(10)_Hopko_S1_D_ SOSR_1F(10)A1_Hopko_S2_A_ _Hopko_S2_A_ ENGR_1F(11)_Hopko_S2_B_ _Hopko_S2_C_ SOSR_1F(11)C2_Hopko_S2_C_ ENGR_1F(10)_Hopko_S2_D_ GRAR_3G(01)_Haussler_S1_A_ GRAR_4S(01)_Haussler_S1_B_ _Haussler_S1_C_ GRAR_2G(02)_Haussler_S1_D_ _Haussler_S2_A_ GRAR_3G(04)_Haussler_S2_B_ GRHR_1G(03)C1_Haussler_S2_C_ DM093V_1S(02)C2_Haussler_S2_C_ GRAR_2G(04)_Haussler_S2_D_ SOSR_1F(06)A1_Johnson_S1_A_ _Johnson_S1_A_ RITR_1S(04)_Johnson_S1_B_ _Johnson_S1_C_ SOSR_1F(04)C2_Johnson_S1_C_ RITR_1S(06)_Johnson_S1_D_ SOSR_1F(06)A1_Johnson_S2_A_ _Johnson_S2_A_ ENGR_1F(04)_Johnson_S2_B_ _Johnson_S2_C_ SOSR_1F(04)C2_Johnson_S2_C_ ENGR_1F(06)_Johnson_S2_D_ _Hull_S1_A_ FSTR_2S(02)_Hull_S1_B_ FSTR_4S(02)_Hull_S1_C_ FSTR_2S(01)_Hull_S1_D_ TADR_2S(01)_Hull_S2_A_ TADR_4S(01)_Hull_S2_A_ TADR_2S(02)_Hull_S2_B_ TADR_3S(01)_Hull_S2_B_ C1_Hull_S2_C_ TDHR_1S(01)C2_Hull_S2_C_ FSTR_2S(03)_Hull_S2_D_ ESMR_2S(01)_Isfeld_S1_A_ ESMR_3S(01)_Isfeld_S1_B_ ESMR_2S(02)_Isfeld_S1_C_ _Isfeld_S1_D_ ESMR_2S(03)_Isfeld_S2_A_ ESMR_3S(04)_Isfeld_S2_B_ ESMR_3S(05)_Isfeld_S2_C_ _Isfeld_S2_D_ RITR_1S(13)_Moore_S1_A_ RITR_1S(12)_Moore_S1_B_ SOSR_1F(05)C1_Moore_S1_C_ _Moore_S1_C_ _Moore_S1_D_ SOSR_1F(07)D2_Moore_S1_D_ ENGR_1F(13)_Moore_S2_A_ ENGR_1F(12)_Moore_S2_B_ SOSR_1F(05)C1_Moore_S2_C_ _Moore_S2_C_ _Moore_S2_D_ SOSR_1F(07)D2_Moore_S2_D_ _Knight_S1_A_ _Knight_S1_B_ _Knight_S1_C_ _Knight_S1_D_ _Knight_S2_A_ _Knight_S2_B_ _Knight_S2_C_ _Knight_S2_D_ FNUR_2S(01)_Kramble_S1_A_ FNUR_2S(02)_Kramble_S1_B_ _Kramble_S1_C_ PEP_Kramble_S1_D_ _Kramble_S1_D_ FNUR_2S(04)_Kramble_S2_A_ FNUR_2S(05)_Kramble_S2_B_ _Kramble_S2_C_ FOHR_1S(03)C2_Kramble_S2_C_ _Kramble_S2_D_ _Kutcher_S1_A_ _Kutcher_S1_B_ _Kutcher_S1_C_ _Kutcher_S1_D_ _Kutcher_S2_A_ _Kutcher_S2_B_ _Kutcher_S2_C_ _Kutcher_S2_D_ DRAR_3G(01)_Lachance_S1_A_ DRAR_2G(01)_Lachance_S1_B_ DRHR_1G(01)C1_Lachance_S1_C_ DRHR_1G(02)C2_Lachance_S1_C_ _Lachance_S1_D_ DRAR_4S(01)_Lachance_S2_A_ DRAR_2G(02)_Lachance_S2_B_ DRAR_2G(03)_Lachance_S2_C_ _Lachance_S2_D_ RITR_1S(14)_Neil_S1_A_ TRMR_1F(14)_Neil_S1_B_ SOSR_1F(14)C1_Neil_S1_C_ _Neil_S1_C_ _Neil_S1_D_ SCIR_1F(14)D2_Neil_S1_D_ ENGR_1S(14)_Neil_S2_A_ MATR_1F(14)_Neil_S2_B_ SOSR_1F(14)C1_Neil_S2_C_ _Neil_S2_C_ _Neil_S2_D_ SCIR_1F(14)D2_Neil_S2_D_ MP207V_2S(99)_Leduc_S1_A_ MP208V_3S(99)_Leduc_S1_B_ _Leduc_S1_C_ MP208V_3S(01)_Leduc_S1_D_ MP211V_4S(99)_Leduc_S2_A_ MP212V_4S(99)_Leduc_S2_B_ MP208V_3S(02)_Leduc_S2_C_ _Leduc_S2_D_ _Mackintosh_S1_A_ _Mackintosh_S1_B_ _Mackintosh_S1_C_ _Mackintosh_S1_D_ _Mackintosh_S2_A_ _Mackintosh_S2_B_ _Mackintosh_S2_C_ _Mackintosh_S2_D_ _Mason_S1_A_ _Mason_S1_B_ _Mason_S1_C_ _Mason_S1_D_ _Mason_S2_A_ _Mason_S2_B_ _Mason_S2_C_ _Mason_S2_D_ TRMF_1F(01)_McCaffrey_S1_A_ TRMF_1F(03)_McCaffrey_S1_B_ _McCaffrey_S1_C_ TRMF_1F(02)_McCaffrey_S1_D_ MATF_1F(01)_McCaffrey_S2_A_ MATF_1F(02)_McCaffrey_S2_B_ _McCaffrey_S2_C_ MATF_1F(03)_McCaffrey_S2_D_ RESR01(01)_McIvor_S1_A_ RESR01(02)_McIvor_S1_B_ RESR01(03)_McIvor_S1_C_ RESR01(04)_McIvor_S1_D_ _McIvor_S2_A_ _McIvor_S2_B_ _McIvor_S2_C_ _McIvor_S2_D_ _Ocharuk_S1_A_ SCIR_1F(04)A2_Ocharuk_S1_A_ TRMR_1F(06)_Ocharuk_S1_B_ SCIR_1F(06)C1_Ocharuk_S1_C_ _Ocharuk_S1_C_ TRMR_1F(04)_Ocharuk_S1_D_ _Ocharuk_S2_A_ SCIR_1F(04)A2_Ocharuk_S2_A_ MATR_1F(06)_Ocharuk_S2_B_ SCIR_1F(06)C1_Ocharuk_S2_C_ _Ocharuk_S2_C_ MATR_1F(04)_Ocharuk_S2_D_ LWPR_2S(01)_Moskal_S1_A_ _Moskal_S1_B_ LWPR_2S(06)_Moskal_S1_C_ GEOR_2F(05)_Moskal_S1_D_ LWPR_2S(05)_Moskal_S2_A_ GLIR_4S(01)_Moskal_S2_B_ _Moskal_S2_C_ CTIR_4S(01)_Moskal_S2_D_ PCMR_3S(01)_Mytopher_S1_A_ PCMR_4S(02)_Mytopher_S1_B_ _Mytopher_S1_C_ PCMR_4S(04)_Mytopher_S1_D_ PCME_4S(02)_Mytopher_S2_A_ PCMR_3S(04)_Mytopher_S2_B_ _Mytopher_S2_C_ PCMR_4S(05)_Mytopher_S2_D_ TRMR_1F(12)_Pachkowsky_S1_A_ _Pachkowsky_S1_B_ SCIR_1F(13)B2_Pachkowsky_S1_B_ SCIR_1F(12)C1_Pachkowsky_S1_C_ _Pachkowsky_S1_C_ TRMR_1F(13)_Pachkowsky_S1_D_ MATR_1F(12)_Pachkowsky_S2_A_ _Pachkowsky_S2_B_ SCIR_1F(13)B2_Pachkowsky_S2_B_ SCIR_1F(12)C1_Pachkowsky_S2_C_ _Pachkowsky_S2_C_ MATR_1F(13)_Pachkowsky_S2_D_ IAPR_2S(01)_Neufeld_S1_A_ IAPR_2S(02)_Neufeld_S1_B_ ESMR_3S(02)_Neufeld_S1_C_ _Neufeld_S1_D_ ESMR_3S(03)_Neufeld_S2_A_ ESMR_2S(04)_Neufeld_S2_B_ ESMR_2S(05)_Neufeld_S2_C_ _Neufeld_S2_D_ _Nichol_S1_A_ ENGC_3S(02)_Nichol_S1_B_ ENGR_2F(06)_Nichol_S1_C_ ENGR_2F(08)_Nichol_S1_D_ ENGC_3S(04)_Nichol_S2_A_ ENGC_3S(06)_Nichol_S2_B_ ENGR_2F(13)_Nichol_S2_C_ _Nichol_S2_D_ PHER_1F(11)A1_Queijo_S1_A_ PHER_1F(10)A2_Queijo_S1_A_ PHER_1F(13)B1_Queijo_S1_B_ _Queijo_S1_B_ PHER_4F(04)C1_Queijo_S1_C_ PHER_4F(05)C2_Queijo_S1_C_ _Queijo_S1_D_ PHER_1F(09)D2_Queijo_S1_D_ PHER_1F(11)A1_Queijo_S2_A_ PHER_1F(10)A2_Queijo_S2_A_ PHER_1F(13)B1_Queijo_S2_B_ _Queijo_S2_B_ PHER_4F(09)C1_Queijo_S2_C_ PHER_4F(10)C2_Queijo_S2_C_ _Queijo_S2_D_ PHER_1F(09)D2_Queijo_S2_D_ PHER_2F(01)_Esselmont_S1_A_ PHER_2F(02)_Esselmont_S1_B_ _Esselmont_S1_C_ PHEW_2F(01)D1_Esselmont_S1_D_ PHEW_3F(01)D2_Esselmont_S1_D_ PHEW_4F(01)D2_Esselmont_S1_D_ PHER_2F(07)_Esselmont_S2_A_ PHER_2F(08)_Esselmont_S2_B_ _Esselmont_S2_C_ PHEW_2F(01)D1_Esselmont_S2_D_ PHEW_3F(01)D2_Esselmont_S2_D_ PHEW_4F(01)D2_Esselmont_S2_D_ GEOF_2F(01)_Pereira_S1_A_ SCIF_1F(01)_Pereira_S1_B_ _Pereira_S1_C_ GEOF_2F(02)_Pereira_S1_D_ SCIF_1F(03)_Pereira_S2_A_ GEOF_2F(03)_Pereira_S2_B_ GEOF_2F(04)_Pereira_S2_C_ _Pereira_S2_D_ POMR_3G(01)_Perreault_S1_A_ POMR_2G(01)_Perreault_S1_B_ C1_Perreault_S1_C_ PMHR_1G(02)C2_Perreault_S1_C_ PMOR_2G(02)_Perreault_S1_D_ POMR_2G(03)_Perreault_S2_A_ POMR_4S(01)_Perreault_S2_B_ PMHR_1G(03)C1_Perreault_S2_C_ _Perreault_S2_C_ POMR_2G(03)_Perreault_S2_D_ HISR_3F(01)_Petri_S1_A_ HISR_3F(02)_Petri_S1_B_ _Petri_S1_C_ GEOR_2F(06)_Petri_S1_D_ GEOR_2F(07)_Petri_S2_A_ HISR_3S(11)_Petri_S2_B_ _Petri_S2_C_ HISR_4S(01)_Petri_S2_D_ _Petryshyn_S1_A_ GEOR_2F(03)_Petryshyn_S1_B_ HISR_3F(04)_Petryshyn_S1_C_ HISR_3F(05)_Petryshyn_S1_D_ HISR_3F(07)_Petryshyn_S2_A_ _Petryshyn_S2_B_ HISR_3F(08)_Petryshyn_S2_C_ GEOR_2F(10)_Petryshyn_S2_D_ GEOR_2F(01)_Prociuk_S1_A_ _Prociuk_S1_B_ GEOR_2F(04)_Prociuk_S1_C_ HISR_3F(06)_Prociuk_S1_D_ PSYR_4S(03)_Prociuk_S2_A_ GEOR_2F(08)_Prociuk_S2_B_ PSYR_4S(04)_Prociuk_S2_C_ _Prociuk_S2_D_ AESR_3S(01)_Pura_S1_A_ LWPR_2S(02)_Pura_S1_B_ RTPR_3S(01)_Pura_S1_C_ _Pura_S1_D_ AESR_3S(02)_Pura_S2_A_ LWPR_2S(03)_Pura_S2_B_ _Pura_S2_C_ ASYR_4S(01)_Pura_S2_D_ _Larveld_S1_A_ PHER_2F(03)_Larveld_S1_B_ PHER_3F(03)C1_Larveld_S1_C_ PHER_3F(04)C2_Larveld_S1_C_ PHER_2F(06)_Larveld_S1_D_ PHER_3F(07)A2_Larveld_S2_A_ _Larveld_S2_A_ PHER_2F(09)_Larveld_S2_B_ PHER_3F(09)C1_Larveld_S2_C_ PHER_3F(10)C2_Larveld_S2_C_ PHER_3F(11)D1_Larveld_S2_D_ _Larveld_S2_D_ PCMR_4S(01)_Ramos_S1_A_ _Ramos_S1_B_ ADME_4S(01)_Ramos_S1_C_ PCME_4S(01)_Ramos_S1_D_ ADME_4S(02)_Ramos_S2_A_ _Ramos_S2_B_ AM2R_4S(01)_Ramos_S2_C_ ICAR_4S(01)_Ramos_S2_D_ COSR_3S(01)_RempelSmith_S1_A_ _RempelSmith_S1_B_ DM096V_3S(97)_RempelSmith_S1_C_ DM097V_3S(97)_RempelSmith_S1_D_ COSR_4S(01)_RempelSmith_S2_A_ _RempelSmith_S2_B_ DM094V_2S(02)_RempelSmith_S2_C_ DM097V_3S(01)_RempelSmith_S2_D_ DM099V_4S(01)_RempelSmith_S2_D_ ELER_2G(01)_Ridgedale_S1_A_ ELER_3G(01)_Ridgedale_S1_B_ ELER_4S(01)_Ridgedale_S1_B_ _Ridgedale_S1_C_ ELHR_1G(01)C2_Ridgedale_S1_C_ _Ridgedale_S1_D_ ELER_2G(02)_Ridgedale_S2_A_ ELER_3G(02)_Ridgedale_S2_B_ ELER_4S(02)_Ridgedale_S2_B_ ELHR_1G(02)C1_Ridgedale_S2_C_ ELHR_1G(03)C2_Ridgedale_S2_C_ _Ridgedale_S2_D_ SCIR_2F(01)_Robak_S1_A_ BIOR_4S(01)_Robak_S1_B_ _Robak_S1_C_ BIOR_3S(03)_Robak_S1_D_ _Robak_S2_A_ CTSE_3S(01)_Robak_S2_B_ BIOR_4S(02)_Robak_S2_C_ BIOR_4S(03)_Robak_S2_D_ PHER_3F(01)A1_Swirsky_S1_A_ PHER_4F(01)A2_Swirsky_S1_A_ PHER_4F(03)B1_Swirsky_S1_B_ _Swirsky_S1_B_ PHER_2F(04)_Swirsky_S1_C_ _Swirsky_S1_D_ PHER_3F(05)D2_Swirsky_S1_D_ PHER_3F(06)A1_Swirsky_S2_A_ PHER_4F(07)A2_Swirsky_S2_A_ _Swirsky_S2_B_ PHER_2F(10)_Swirsky_S2_C_ PHER_2F(12)_Swirsky_S2_D_ _Sankovic_S1_A_ BIOR_3S(01)_Sankovic_S1_B_ BIOE_4S(01)_Sankovic_S1_C_ BIOE_4S(02)_Sankovic_S1_D_ _Sankovic_S2_A_ CTSR_3S(01)_Sankovic_S2_B_ BIOP_4S(01)_Sankovic_S2_C_ BIOP_4S(02)_Sankovic_S2_D_ _Sawchuk_S1_A_ _Sawchuk_S1_B_ _Sawchuk_S1_C_ _Sawchuk_S1_D_ _Sawchuk_S2_A_ _Sawchuk_S2_B_ _Sawchuk_S2_C_ _Sawchuk_S2_D_ _Seidel_S1_A_ GEOR_2F(02)_Seidel_S1_B_ SOCY_3G(02)_Seidel_S1_C_ SOCY_3G(01)_Seidel_S1_D_ SOCY_3G(03)_Seidel_S2_A_ _Seidel_S2_B_ GEOR_2F(09)_Seidel_S2_C_ GEOR_2F(11)_Seidel_S2_D_ GRAR_3G(02)_Shewchuk_S1_A_ GRAR_4S(02)_Shewchuk_S1_B_ MP206H_1S(01)C1_Shewchuk_S1_C_ _Shewchuk_S1_C_ GRAR_2G(01)_Shewchuk_S1_D_ GRAR_4S(03)_Shewchuk_S2_A_ _Shewchuk_S2_B_ GRHR_1G(02)C1_Shewchuk_S2_C_ DM093V_1S(03)C2_Shewchuk_S2_C_ GRAR_2G(03)_Shewchuk_S2_D_ _Silver_S1_A_ _Silver_S1_B_ MU2H_1S(01)C1_Silver_S1_C_ _Silver_S1_C_ _Silver_S1_D_ _Silver_S2_A_ _Silver_S2_B_ _Silver_S2_C_ MU2H_1S(02)C2_Silver_S2_C_ _Silver_S2_D_ _Sinclair_S1_A_ _Sinclair_S1_B_ _Sinclair_S1_C_ _Sinclair_S1_D_ _Sinclair_S2_A_ _Sinclair_S2_B_ _Sinclair_S2_C_ _Sinclair_S2_D_ ENGR_2F(01)_Sinosich_S1_A_ ENGR_2F(03)_Sinosich_S1_B_ ENGR_2F(07)_Sinosich_S1_C_ _Sinosich_S1_D_ _Sinosich_S2_A_ ENGR_2F(11)_Sinosich_S2_B_ ENGC_3S(07)_Sinosich_S2_C_ ENGR_2F(16)_Sinosich_S2_D_ _Slavicek_S1_A_ DM095V_3S(01)_Slavicek_S1_B_ DM098V_4S(01)_Slavicek_S1_B_ DM093H_1S(01)C1_Slavicek_S1_C_ GRHR_1G(01)C2_Slavicek_S1_C_ DM094V_2S(01)_Slavicek_S1_D_ DM098V_4S(97)_Slavicek_S2_A_ DM099V_4S(97)_Slavicek_S2_B_ DM096V_3S(01)_Slavicek_S2_C_ _Slavicek_S2_D_ _Slivinski_S1_A_ SCIE_2F(01)_Slivinski_S1_B_ SCIR_2F(03)_Slivinski_S1_C_ ESMR_2S(R1)_Slivinski_S1_D_ _Slivinski_S2_A_ SCIE_2F(03)_Slivinski_S2_B_ SCIR_2F(R1)_Slivinski_S2_C_ ESMR_2S(R2)_Slivinski_S2_D_ ENGL_4S(01)_Stacey_S1_A_ ENGL_4S(03)_Stacey_S1_B_ ENGL_3S(03)_Stacey_S1_C_ _Stacey_S1_D_ ENGC_4S(05)_Stacey_S2_A_ ENGL_3S(04)_Stacey_S2_B_ _Stacey_S2_C_ ENLE_4S(01)_Stacey_S2_D_ _Steeves_S1_A_ PHEF_3F(01)B1_Steeves_S1_B_ PHEF_4F(01)B2_Steeves_S1_B_ PHEF_1F(02)C1_Steeves_S1_C_ PHEF_1F(01)C2_Steeves_S1_C_ PHEF_2F(01)_Steeves_S1_D_ _Steeves_S2_A_ PHEF_3F(02)B1_Steeves_S2_B_ PHEF_4F(02)B2_Steeves_S2_B_ PHEF_1F(02)C1_Steeves_S2_C_ PHEF_1F(01)C2_Steeves_S2_C_ PHEF_2F(03)_Steeves_S2_D_ PSYR_4S(01)_Stein_S1_A_ _Stein_S1_B_ PSYR_4S(02)_Stein_S1_C_ LAWR_4S(01)_Stein_S1_D_ LAWR_4S(02)_Stein_S2_A_ PSYR_4S(05)_Stein_S2_B_ _Stein_S2_C_ LAWR_4S(03)_Stein_S2_D_ DANR_3S(01)_Suban_S1_A_ _Suban_S1_B_ DNHB_1S(01)C1_Suban_S1_C_ DNHB_1S(02)C2_Suban_S1_C_ DANR_2S(01)_Suban_S1_D_ DANR_2S(03)_Suban_S2_A_ _Suban_S2_B_ DNHB_1S(03)C1_Suban_S2_C_ DNHB_1S(04)C2_Suban_S2_C_ DANR_3S(03)_Suban_S2_D_ WOOR_2G(01)_Sudermann_S1_A_ WOOR_3G(01)_Sudermann_S1_B_ WOHR_1G(01)C1_Sudermann_S1_C_ WOHR_1G(02)C2_Sudermann_S1_C_ _Sudermann_S1_D_ WOOR_3G(02)_Sudermann_S2_A_ WOOR_4S(01)_Sudermann_S2_A_ WOOR_2G(02)_Sudermann_S2_B_ _Sudermann_S2_C_ WOHR_1G(03)C2_Sudermann_S2_C_ _Sudermann_S2_D_ TRMR_1F(07)_Russell_S1_A_ SCIR_1F(05)B1_Russell_S1_B_ _Russell_S1_B_ _Russell_S1_C_ SCIR_1F(07)C2_Russell_S1_C_ TRMR_1F(05)_Russell_S1_D_ MATR_1F(07)_Russell_S2_A_ SCIR_1F(05)B1_Russell_S2_B_ _Russell_S2_B_ _Russell_S2_C_ SCIR_1F(07)C2_Russell_S2_C_ MATR_1F(05)_Russell_S2_D_ FNUR_3S(01)_Tao_S1_A_ FNUR_3S(02)_Tao_S1_B_ FOHR_1S(01)C1_Tao_S1_C_ _Tao_S1_C_ FNUR_4S(01)_Tao_S1_D_ FNUR_2S(03)_Tao_S2_A_ FNUR_3S(03)_Tao_S2_B_ FOHR_1S(02)C1_Tao_S2_C_ _Tao_S2_C_ FNUR_4S(02)_Tao_S2_D_ SCIF_1F(02)_TEACHERV_S1_A_ SCIF_2F(02)_TEACHERV_S1_B_ Fraf_2F(02)_TEACHERV_S1_C_ _TEACHERV_S1_D_ _TEACHERV_S2_A_ _TEACHERV_S2_B_ _TEACHERV_S2_C_ _TEACHERV_S2_D_ HISF_3F(01)_TeacherX_S1_A_ HISF_3F(02)_TeacherX_S1_B_ _TeacherX_S1_C_ SCHF_1F(03)_TeacherX_S1_D_ _TeacherX_S2_A_ SCHF_1F(01)_TeacherX_S2_B_ HISF_3F(03)_TeacherX_S2_C_ SCHF_1F(02)_TeacherX_S2_D_ ENGW_4S(01)A1_TeacherY_S1_A_ ENGW_3S(01)A2_TeacherY_S1_A_ HISW_3S(01)B1_TeacherY_S1_B_ GLIW_4S(01)B2_TeacherY_S1_B_ ENGW_2F(01)C1_TeacherY_S1_C_ C2_TeacherY_S1_C_ PEP-Option_3(01)D1_TeacherY_S1_D_ PHEW_3F(01)D2_TeacherY_S1_D_ _TeacherY_S1_D_ ENGW_4S(01)A1_TeacherY_S2_A_ ENGW_3S(01)A2_TeacherY_S2_A_ HISW_3S(01)B1_TeacherY_S2_B_ GLIW_4S(01)B2_TeacherY_S2_B_ ENGW_2F(01)C1_TeacherY_S2_C_ C2_TeacherY_S2_C_ PEP-Option_3(01)D1_TeacherY_S2_D_ PE_TeacherY_S2_D_ Support_TeacherY_S2_D_ D2_TeacherY_S2_D_ _TeacherY_S2_D_ ESMW_3S(01)A1_TeacherZ_S1_A_ ESMW_4S(01)A2_TeacherZ_S1_A_ INSW_4S(01)B1_TeacherZ_S1_B_ CTSW_3S(01)B2_TeacherZ_S1_B_ PEP-Option_3(02)C1_TeacherZ_S1_C_ ESMW_2S(01)C2_TeacherZ_S1_C_ D1_TeacherZ_S1_D_ PHEW_4F(01)D2_TeacherZ_S1_D_ ESMW_3S(01)A1_TeacherZ_S2_A_ ESMW_4S(01)A2_TeacherZ_S2_A_ INSW_4S(01)B1_TeacherZ_S2_B_ CTSW_3S(01)B2_TeacherZ_S2_B_ PEP-Option_3(02)C1_TeacherZ_S2_C_ ESMW_2S(01)C2_TeacherZ_S2_C_ D1_TeacherZ_S2_D_ PE_TeacherZ_S2_D_ Support_TeacherZ_S2_D_ D2_TeacherZ_S2_D_ LWPR_2S(WE)A1_Thwaites_S1_A_ SCIW_2F(01)A2_Thwaites_S1_A_ PEP-Option_2(01)_Thwaites_S1_B_ PrepC1_Thwaites_S1_C_ _Thwaites_S1_C_ LWBR_3S(01)C2_Thwaites_S1_C_ PHEW_2F(01)D1_Thwaites_S1_D_ GEOW_2S(01)D2_Thwaites_S1_D_ LWPR_2S(WE)A1_Thwaites_S2_A_ SCIW_2F(01)A2_Thwaites_S2_A_ PEP-Option_2(01)_Thwaites_S2_B_ PrepC1_Thwaites_S2_C_ _Thwaites_S2_C_ LWBR_3S(01)C2_Thwaites_S2_C_ LWTF_4S(01)D1_Thwaites_S2_D_ GEOW_2S(01)D2_Thwaites_S2_D_ _Trethart_S1_A_ INSR_4S(01)_Trethart_S1_B_ ECPR_4S(01)_Trethart_S1_C_ BIOR_3S(02)_Trethart_S1_D_ BIOR_3S(04)_Trethart_S2_A_ BIOR_3S(05)_Trethart_S2_B_ BIOR_3S(06)_Trethart_S2_C_ _Trethart_S2_D_ PH1P_4S(01)_Truderung_S1_A_ PHYE_3S(01)_Truderung_S1_B_ _Truderung_S1_C_ PHYR_3S(02)_Truderung_S1_D_ _Truderung_S2_A_ PHYE_4S(01)_Truderung_S2_B_ PHYR_3S(04)_Truderung_S2_C_ PHYR_4S(04)_Truderung_S2_D_ FILF_1F(03)_Villa_S1_A_ ENGF_1F(02)_Villa_S1_B_ _Villa_S1_C_ FILF_1F(01)_Villa_S1_D_ FILF_1F(02)_Villa_S2_A_ ENGF_1F(03)_Villa_S2_B_ _Villa_S2_C_ ENGF_1F(01)_Villa_S2_D_ FSTR_3S(01)_Waller_S1_A_ FSTR_4S(02)_Waller_S1_B_ FSTR_3S(02)_Waller_S1_C_ _Waller_S1_D_ FSTR_3S(03)_Waller_S2_A_ _Waller_S2_B_ FSTR_4S(03)_Waller_S2_C_ FSTR_4S(04)_Waller_S2_D_ ENGC_3M(04)A1_Wesley_S1_A_ ENGC_4M(02)_Wesley_S1_A_ ENGR_2M(03)_Wesley_S1_A_ ESMR_2M(04)A2_Wesley_S1_A_ ESMR_3M(03)_Wesley_S1_A_ ESMR_4M(02)_Wesley_S1_A_ MATR_1M(05)_Wesley_S1_A_ RESR01(05)_Wesley_S1_B_ LWPR_2M(01)C1_Wesley_S1_C_ _Wesley_S1_C_ _Wesley_S1_D_ LWER_1M(02)D2_Wesley_S1_D_ LWPR_2M(02)_Wesley_S1_D_ _Wesley_S2_A_ _Wesley_S2_B_ _Wesley_S2_C_ _Wesley_S2_D_ PHER_1F(04)A1_Witzke_S1_A_ PHER_1F(06)A2_Witzke_S1_A_ PHER_1F(08)B1_Witzke_S1_B_ PHER_3F(02)B2_Witzke_S1_B_ _Witzke_S1_C_ PHER_1F(07)D1_Witzke_S1_D_ PHER_1F(12)D2_Witzke_S1_D_ PHER_1F(04)A1_Witzke_S2_A_ PHER_1F(06)A2_Witzke_S2_A_ PHER_1F(08)B1_Witzke_S2_B_ PHER_3F(08)B2_Witzke_S2_B_ _Witzke_S2_C_ PHER_1F(07)D1_Witzke_S2_D_ PHER_1F(12)D2_Witzke_S2_D_ LWPR_2S(WE)A1_Wright_S1_A_ SCIW_2F(01)A2_Wright_S1_A_ PEP-Option_2(01)_Wright_S1_B_ PrepC1_Wright_S1_C_ _Wright_S1_C_ LWBR_3S(01)C2_Wright_S1_C_ PHEW_2F(01)D1_Wright_S1_D_ GEOW_2S(01)D2_Wright_S1_D_ LWPR_2S(WE)A1_Wright_S2_A_ SCIW_2F(01)A2_Wright_S2_A_ PEP-Option_2(01)_Wright_S2_B_ PrepC1_Wright_S2_C_ _Wright_S2_C_ LWBR_3S(01)C2_Wright_S2_C_ LWTF_4S(01)D1_Wright_S2_D_ GEOW_2S(01)D2_Wright_S2_D_ IAPE_2S(01)_Yosyk_S1_A_ _Yosyk_S1_B_ PCME_3S(01)_Yosyk_S1_C_ IAPR_2S(04)_Yosyk_S1_D_ PCME_3S(02)_Yosyk_S2_A_ _Yosyk_S2_B_ IAPR_2S(07)_Yosyk_S2_C_ IAPR_2S(08)_Yosyk_S2_D_ TRMR_1F(08)_Zhao_S1_A_ TRMR_1F(09)_Zhao_S1_B_ _Zhao_S1_C_ SCIR_1F(08)C2_Zhao_S1_C_ SCIR_1F(09)D1_Zhao_S1_D_ _Zhao_S1_D_ MATR_1F(08)_Zhao_S2_A_ MATR_1F(09)_Zhao_S2_B_ _Zhao_S2_C_ SCIR_1F(08)C2_Zhao_S2_C_ SCIR_1F(09)D1_Zhao_S2_D_ _Zhao_S2_D_ ENGL_4S(02)_Zurbuchen_S1_A_ _Zurbuchen_S1_B_ ENGC_4S(04)_Zurbuchen_S1_C_ ENGL_3S(06)_Zurbuchen_S1_D_ ENGL_4S(05)_Zurbuchen_S2_A_ ENGR_2F(09)_Zurbuchen_S2_B_ _Zurbuchen_S2_C_ CHER_3S(06)_Zurbuchen_S2_D_ _ZZPLACEHOLDER_S1_A_ _ZZPLACEHOLDER_S1_B_ _ZZPLACEHOLDER_S1_C_ _ZZPLACEHOLDER_S1_D_ _ZZPLACEHOLDER_S2_A_ _ZZPLACEHOLDER_S2_B_ _ZZPLACEHOLDER_S2_C_ _ZZPLACEHOLDER_S2_D_ | X5: =IFERROR(RANK(Y5,Y:Y,1),"") | Y5: =IFERROR(IF(FIND("(",AA5)>0,Z5,""),"") | Z5: 3 | AA5: =IFERROR(VLOOKUP(Z5,T:V,3,FALSE),"") -> _Alford_S1_A_
